country,year_month,n,d1_1,d1_2,d1_3,d1_4,d1_5,d1_6,d1_7,d1_8,d1_9,mad,classification,obs12_10,obs12_11,obs12_12,obs12_13,obs12_14,obs12_15,obs12_16,obs12_17,obs12_18,obs12_19
Australia,2009-12,14,0.0,0.25,0.0,0.0,0.416667,0.166667,0.166667,0.0,0.0,0.137731,NONCONFORMING,0.0,0.0,0.230769,0.0,0.0,0.153846,0.153846,0.153846,0.0,0.0
Australia,2010-02,33,0.038462,0.0,0.153846,0.192308,0.269231,0.038462,0.038462,0.0,0.269231,0.119517,NONCONFORMING,0.064516,0.0,0.0,0.0,0.129032,0.096774,0.032258,0.032258,0.0,0.225806
Australia,2010-03,19,0.058824,0.0,0.0,0.117647,0.176471,0.176471,0.117647,0.0,0.352941,0.132087,NONCONFORMING,0.052632,0.0,0.0,0.0,0.052632,0.157895,0.157895,0.105263,0.0,0.210526
Australia,2010-04,17,0.0,0.454545,0.0,0.090909,0.181818,0.090909,0.090909,0.0,0.090909,0.107361,NONCONFORMING,0.125,0.0,0.0625,0.0,0.0625,0.0625,0.0625,0.0625,0.0,0.0625
Australia,2010-05,59,0.06383,0.06383,0.106383,0.042553,0.191489,0.106383,0.191489,0.0,0.234043,0.105228,NONCONFORMING,0.053571,0.053571,0.053571,0.071429,0.035714,0.125,0.053571,0.160714,0.0,0.160714
Australia,2010-06,113,0.112676,0.056338,0.098592,0.042254,0.253521,0.042254,0.169014,0.042254,0.183099,0.093934,NONCONFORMING,0.098039,0.0,0.009804,0.04902,0.009804,0.088235,0.009804,0.107843,0.009804,0.058824
Australia,2010-07,18,0.0,0.066667,0.066667,0.333333,0.2,0.066667,0.066667,0.0,0.2,0.115591,NONCONFORMING,0.055556,0.0,0.055556,0.0,0.277778,0.055556,0.0,0.055556,0.0,0.055556
Australia,2010-08,7,0.0,0.0,0.285714,0.0,0.285714,0.0,0.0,0.0,0.428571,0.166694,NONCONFORMING,0.0,0.0,0.0,0.0,0.0,0.285714,0.0,0.0,0.0,0.428571
Australia,2010-09,21,0.0,0.133333,0.0,0.133333,0.333333,0.0,0.2,0.0,0.2,0.130406,NONCONFORMING,0.095238,0.0,0.047619,0.0,0.095238,0.142857,0.0,0.142857,0.0,0.0
Australia,2010-10,142,0.054348,0.076087,0.108696,0.097826,0.217391,0.108696,0.195652,0.01087,0.130435,0.089603,NONCONFORMING,0.143939,0.015152,0.05303,0.022727,0.060606,0.113636,0.075758,0.121212,0.0,0.060606
Australia,2010-11,176,0.102041,0.102041,0.176871,0.068027,0.190476,0.095238,0.068027,0.108844,0.088435,0.067094,NONCONFORMING,0.063953,0.017442,0.069767,0.093023,0.023256,0.081395,0.040698,0.052326,0.011628,0.023256
Australia,2010-12,33,0.107143,0.035714,0.035714,0.035714,0.214286,0.035714,0.25,0.0,0.285714,0.126016,NONCONFORMING,0.030303,0.0,0.0,0.0,0.030303,0.121212,0.030303,0.151515,0.0,0.121212
Australia,2011-01,128,0.036697,0.06422,0.183486,0.110092,0.146789,0.137615,0.211009,0.027523,0.082569,0.088852,NONCONFORMING,0.103175,0.007937,0.015873,0.087302,0.039683,0.071429,0.031746,0.126984,0.007937,0.02381
Australia,2011-02,94,0.189189,0.054054,0.108108,0.162162,0.054054,0.094595,0.094595,0.108108,0.135135,0.061297,NONCONFORMING,0.021277,0.021277,0.0,0.031915,0.085106,0.021277,0.021277,0.021277,0.06383,0.031915
Australia,2011-03,110,0.141304,0.065217,0.086957,0.065217,0.195652,0.108696,0.119565,0.119565,0.097826,0.075617,NONCONFORMING,0.082569,0.027523,0.027523,0.055046,0.018349,0.073394,0.055046,0.045872,0.018349,0.0
Australia,2011-04,18,0.117647,0.0,0.058824,0.117647,0.117647,0.235294,0.058824,0.0,0.294118,0.105943,NONCONFORMING,0.0,0.0,0.0,0.055556,0.111111,0.055556,0.222222,0.055556,0.0,0.055556
Australia,2011-05,117,0.112245,0.010204,0.122449,0.030612,0.173469,0.183673,0.214286,0.071429,0.081633,0.094102,NONCONFORMING,0.017391,0.0,0.008696,0.043478,0.008696,0.121739,0.052174,0.113043,0.017391,0.017391
Australia,2011-06,169,0.125984,0.086614,0.110236,0.102362,0.141732,0.141732,0.070866,0.094488,0.125984,0.06205,NONCONFORMING,0.09697,0.018182,0.042424,0.066667,0.048485,0.042424,0.048485,0.036364,0.024242,0.006061
Australia,2011-07,159,0.057471,0.068966,0.057471,0.068966,0.16092,0.057471,0.172414,0.114943,0.241379,0.101238,NONCONFORMING,0.075472,0.028302,0.009434,0.018868,0.037736,0.113208,0.028302,0.09434,0.018868,0.056604
Australia,2011-08,114,0.091837,0.122449,0.102041,0.122449,0.071429,0.112245,0.173469,0.040816,0.163265,0.067516,NONCONFORMING,0.044248,0.0,0.061947,0.044248,0.061947,0.00885,0.035398,0.115044,0.0,0.00885
Australia,2011-09,104,0.05,0.025,0.175,0.075,0.2125,0.175,0.1125,0.0125,0.1625,0.102819,NONCONFORMING,0.051546,0.0,0.0,0.082474,0.030928,0.092784,0.123711,0.082474,0.0,0.072165
Australia,2011-10,120,0.178218,0.069307,0.148515,0.09901,0.138614,0.178218,0.128713,0.0,0.059406,0.062389,NONCONFORMING,0.060345,0.008621,0.043103,0.068966,0.060345,0.051724,0.060345,0.086207,0.0,0.025862
Australia,2011-11,41,0.16129,0.064516,0.064516,0.225806,0.129032,0.0,0.129032,0.064516,0.16129,0.084152,NONCONFORMING,0.1,0.1,0.0,0.0,0.125,0.075,0.0,0.1,0.025,0.0
Austria,2009-12,39,0.088235,0.0,0.176471,0.029412,0.176471,0.0,0.294118,0.0,0.235294,0.127663,NONCONFORMING,0.0,0.0,0.0,0.153846,0.025641,0.051282,0.0,0.128205,0.0,0.102564
Austria,2010-02,58,0.020833,0.208333,0.166667,0.083333,0.083333,0.0625,0.25,0.0,0.125,0.077639,NONCONFORMING,0.075472,0.0,0.132075,0.132075,0.075472,0.075472,0.056604,0.226415,0.0,0.075472
Austria,2010-03,37,0.076923,0.153846,0.076923,0.076923,0.230769,0.038462,0.307692,0.0,0.038462,0.089175,NONCONFORMING,0.0,0.028571,0.114286,0.057143,0.057143,0.142857,0.028571,0.228571,0.0,0.028571
Austria,2010-04,40,0.033333,0.0,0.2,0.1,0.233333,0.0,0.2,0.066667,0.166667,0.113497,NONCONFORMING,0.075,0.0,0.0,0.0,0.0,0.1,0.0,0.0,0.0,0.0
Austria,2010-05,34,0.0,0.058824,0.235294,0.058824,0.235294,0.0,0.0,0.0,0.411765,0.14055,NONCONFORMING,0.214286,0.0,0.035714,0.107143,0.035714,0.142857,0.0,0.0,0.0,0.214286
Austria,2010-06,18,0.142857,0.0,0.142857,0.0,0.285714,0.0,0.0,0.0,0.428571,0.134948,NONCONFORMING,0.0,0.142857,0.0,0.142857,0.0,0.0,0.0,0.0,0.0,0.142857
Austria,2010-08,63,0.04878,0.02439,0.146341,0.04878,0.317073,0.04878,0.243902,0.02439,0.097561,0.110446,NONCONFORMING,0.160714,0.017857,0.017857,0.071429,0.035714,0.142857,0.0,0.178571,0.017857,0.071429
Austria,2010-09,100,0.048387,0.064516,0.290323,0.016129,0.258065,0.080645,0.16129,0.0,0.080645,0.110256,NONCONFORMING,0.162791,0.034884,0.023256,0.162791,0.0,0.186047,0.05814,0.104651,0.0,0.05814
Austria,2010-10,33,0.0,0.086957,0.0,0.086957,0.217391,0.086957,0.173913,0.0,0.347826,0.128047,NONCONFORMING,0.121212,0.0,0.030303,0.0,0.030303,0.060606,0.0,0.121212,0.0,0.090909
Austria,2010-11,118,0.063291,0.088608,0.189873,0.088608,0.227848,0.025316,0.151899,0.012658,0.151899,0.091922,NONCONFORMING,0.067308,0.0,0.057692,0.086538,0.028846,0.144231,0.019231,0.105769,0.009615,0.086538
Austria,2010-12,8,0.142857,0.142857,0.0,0.0,0.142857,0.0,0.428571,0.142857,0.0,0.11688,NONCONFORMING,0.125,0.125,0.125,0.0,0.0,0.125,0.0,0.375,0.0,0.0
Austria,2011-02,21,0.058824,0.0,0.117647,0.0,0.176471,0.0,0.176471,0.0,0.470588,0.142355,NONCONFORMING,0.0,0.0,0.0,0.0,0.0,0.052632,0.0,0.157895,0.0,0.315789
Austria,2011-03,18,0.0,0.0,0.0,0.0,0.181818,0.181818,0.272727,0.0,0.363636,0.166694,NONCONFORMING,0.166667,0.0,0.0,0.0,0.0,0.0,0.0,0.111111,0.0,0.0
Austria,2011-04,26,0.0,0.0,0.368421,0.0,0.263158,0.157895,0.157895,0.0,0.052632,0.13893,NONCONFORMING,0.076923,0.0,0.0,0.192308,0.0,0.115385,0.076923,0.115385,0.0,0.0
Austria,2011-05,53,0.054054,0.027027,0.162162,0.027027,0.081081,0.135135,0.135135,0.0,0.378378,0.114906,NONCONFORMING,0.183673,0.040816,0.0,0.061224,0.0,0.061224,0.102041,0.102041,0.0,0.183673
Austria,2011-07,56,0.090909,0.022727,0.090909,0.090909,0.227273,0.045455,0.272727,0.0,0.159091,0.105814,NONCONFORMING,0.163636,0.0,0.018182,0.036364,0.054545,0.181818,0.018182,0.2,0.0,0.127273
Austria,2011-08,89,0.0,0.035088,0.22807,0.035088,0.245614,0.035088,0.245614,0.0,0.175439,0.130415,NONCONFORMING,0.109589,0.0,0.027397,0.082192,0.013699,0.191781,0.027397,0.178082,0.0,0.123288
Austria,2011-10,56,0.026316,0.078947,0.157895,0.105263,0.289474,0.052632,0.157895,0.026316,0.105263,0.091336,NONCONFORMING,0.117647,0.0,0.058824,0.019608,0.058824,0.176471,0.039216,0.117647,0.019608,0.058824
Austria,2011-11,73,0.035088,0.210526,0.105263,0.105263,0.122807,0.140351,0.157895,0.017544,0.105263,0.070939,NONCONFORMING,0.030769,0.015385,0.138462,0.046154,0.076923,0.076923,0.123077,0.138462,0.0,0.061538
Austria,2011-12,7,0.166667,0.0,0.0,0.666667,0.0,0.166667,0.0,0.0,0.0,0.148773,NONCONFORMING,0.0,0.0,0.0,0.0,0.666667,0.0,0.166667,0.0,0.0,0.0
Bahrain,2010-02,29,0.0,0.125,0.083333,0.083333,0.291667,0.0,0.291667,0.0,0.125,0.116756,NONCONFORMING,0.0,0.0,0.12,0.08,0.08,0.28,0.0,0.28,0.0,0.12
Bahrain,2010-03,15,0.142857,0.142857,0.071429,0.0,0.357143,0.0,0.214286,0.071429,0.0,0.101007,NONCONFORMING,0.066667,0.066667,0.133333,0.0,0.0,0.133333,0.0,0.2,0.0,0.0
Bahrain,2010-05,27,0.153846,0.0,0.0,0.153846,0.230769,0.0,0.076923,0.0,0.384615,0.125848,NONCONFORMING,0.166667,0.041667,0.0,0.0,0.083333,0.083333,0.0,0.041667,0.0,0.083333
Bahrain,2010-06,15,0.230769,0.0,0.0,0.0,0.692308,0.0,0.0,0.076923,0.0,0.141977,NONCONFORMING,0.0,0.142857,0.0,0.0,0.0,0.571429,0.0,0.0,0.071429,0.0
Bahrain,2010-10,21,0.0,0.133333,0.0,0.0,0.4,0.0,0.266667,0.0,0.2,0.151941,NONCONFORMING,0.058824,0.0,0.117647,0.0,0.0,0.352941,0.0,0.235294,0.0,0.117647
Bahrain,2010-12,1,0.0,0.0,0.0,0.0,0.0,0.0,0.0,0.0,0.0,0.111111,NONCONFORMING,0.0,0.0,0.0,0.0,0.0,0.0,0.0,0.0,0.0,0.0
Bahrain,2011-05,17,0.0625,0.0625,0.0,0.0,0.3125,0.0,0.25,0.0,0.3125,0.153793,NONCONFORMING,0.0,0.058824,0.058824,0.0,0.0,0.0,0.0,0.235294,0.0,0.176471
Belgium,2009-12,20,0.0625,0.125,0.25,0.0625,0.3125,0.125,0.0625,0.0,0.0,0.093542,NONCONFORMING,0.105263,0.0,0.052632,0.210526,0.052632,0.210526,0.105263,0.052632,0.0,0.0
Belgium,2010-01,93,0.083333,0.1,0.083333,0.05,0.383333,0.033333,0.15,0.0,0.116667,0.103793,NONCONFORMING,0.216867,0.024096,0.072289,0.048193,0.036145,0.180723,0.024096,0.096386,0.0,0.084337
Belgium,2010-02,63,0.023256,0.046512,0.023256,0.023256,0.302326,0.116279,0.093023,0.023256,0.348837,0.135686,NONCONFORMING,0.137931,0.0,0.0,0.017241,0.017241,0.12069,0.068966,0.068966,0.0,0.206897
Belgium,2010-03,47,0.035714,0.178571,0.178571,0.071429,0.142857,0.142857,0.142857,0.0,0.107143,0.075989,NONCONFORMING,0.243902,0.0,0.097561,0.121951,0.04878,0.097561,0.073171,0.097561,0.0,0.073171
Belgium,2010-04,116,0.0,0.075,0.0875,0.075,0.3375,0.05,0.1125,0.0,0.2625,0.117682,NONCONFORMING,0.064815,0.0,0.037037,0.064815,0.046296,0.166667,0.009259,0.074074,0.0,0.175926
Belgium,2010-05,6,0.0,0.0,0.0,0.166667,0.166667,0.333333,0.333333,0.0,0.0,0.155327,NONCONFORMING,0.0,0.0,0.0,0.0,0.166667,0.166667,0.333333,0.333333,0.0,0.0
Belgium,2010-06,139,0.058333,0.091667,0.1,0.116667,0.175,0.008333,0.116667,0.041667,0.291667,0.093369,NONCONFORMING,0.058824,0.044118,0.022059,0.051471,0.058824,0.110294,0.007353,0.080882,0.014706,0.154412
Belgium,2010-07,105,0.037975,0.0,0.291139,0.088608,0.253165,0.025316,0.139241,0.012658,0.151899,0.117239,NONCONFORMING,0.07,0.01,0.0,0.1,0.07,0.19,0.01,0.1,0.01,0.12
Belgium,2010-08,81,0.035714,0.035714,0.196429,0.071429,0.214286,0.125,0.125,0.035714,0.160714,0.099247,NONCONFORMING,0.071429,0.028571,0.028571,0.085714,0.028571,0.085714,0.071429,0.1,0.014286,0.1
Belgium,2010-09,66,0.0,0.0,0.083333,0.0625,0.270833,0.125,0.166667,0.0,0.291667,0.134287,NONCONFORMING,0.1875,0.0,0.0,0.0,0.046875,0.171875,0.0625,0.125,0.0,0.21875
Belgium,2010-10,83,0.014706,0.147059,0.073529,0.014706,0.25,0.088235,0.191176,0.014706,0.205882,0.10787,NONCONFORMING,0.1,0.0125,0.05,0.0125,0.0125,0.1625,0.0625,0.1625,0.0,0.1125
Belgium,2010-11,225,0.055556,0.154321,0.092593,0.030864,0.271605,0.067901,0.135802,0.012346,0.179012,0.089876,NONCONFORMING,0.09901,0.029703,0.09901,0.034653,0.019802,0.158416,0.014851,0.079208,0.009901,0.10396
Belgium,2010-12,96,0.040816,0.061224,0.204082,0.040816,0.326531,0.102041,0.102041,0.020408,0.102041,0.102649,NONCONFORMING,0.243902,0.012195,0.036585,0.085366,0.012195,0.134146,0.02439,0.036585,0.0,0.036585
Belgium,2011-01,59,0.04878,0.073171,0.243902,0.02439,0.195122,0.0,0.146341,0.02439,0.243902,0.115867,NONCONFORMING,0.092593,0.018519,0.037037,0.092593,0.018519,0.055556,0.0,0.111111,0.0,0.185185
Belgium,2011-02,120,0.033333,0.011111,0.1,0.044444,0.388889,0.088889,0.2,0.022222,0.111111,0.11978,NONCONFORMING,0.136364,0.027273,0.0,0.009091,0.036364,0.272727,0.072727,0.163636,0.009091,0.063636
Belgium,2011-03,164,0.015504,0.085271,0.139535,0.054264,0.263566,0.054264,0.186047,0.015504,0.186047,0.10385,NONCONFORMING,0.078431,0.013072,0.03268,0.091503,0.019608,0.156863,0.045752,0.156863,0.013072,0.117647
Belgium,2011-04,119,0.021739,0.043478,0.141304,0.043478,0.304348,0.152174,0.108696,0.01087,0.173913,0.11236,NONCONFORMING,0.101852,0.018519,0.027778,0.055556,0.018519,0.231481,0.092593,0.092593,0.009259,0.12963
Belgium,2011-05,147,0.028571,0.07619,0.133333,0.028571,0.171429,0.257143,0.161905,0.0,0.142857,0.1093,NONCONFORMING,0.04,0.0,0.056,0.056,0.016,0.136,0.12,0.128,0.0,0.12
Belgium,2011-06,233,0.0,0.055556,0.111111,0.055556,0.302469,0.166667,0.209877,0.012346,0.08642,0.114568,NONCONFORMING,0.093596,0.0,0.034483,0.039409,0.009852,0.192118,0.108374,0.167488,0.009852,0.059113
Belgium,2011-07,131,0.032258,0.043011,0.086022,0.150538,0.182796,0.086022,0.225806,0.010753,0.182796,0.106927,NONCONFORMING,0.13913,0.008696,0.034783,0.017391,0.086957,0.113043,0.069565,0.165217,0.0,0.13913
Belgium,2011-08,197,0.045455,0.037879,0.113636,0.060606,0.272727,0.083333,0.189394,0.007576,0.189394,0.107771,NONCONFORMING,0.141176,0.017647,0.017647,0.058824,0.017647,0.164706,0.047059,0.147059,0.0,0.117647
Belgium,2011-09,188,0.049296,0.049296,0.091549,0.077465,0.183099,0.169014,0.183099,0.0,0.197183,0.107226,NONCONFORMING,0.062147,0.0,0.033898,0.022599,0.016949,0.107345,0.135593,0.146893,0.0,0.129944
Belgium,2011-10,269,0.010417,0.041667,0.09375,0.083333,0.260417,0.177083,0.177083,0.005208,0.151042,0.114611,NONCONFORMING,0.073469,0.004082,0.028571,0.02449,0.020408,0.155102,0.118367,0.138776,0.004082,0.061224
Belgium,2011-11,249,0.022222,0.122222,0.083333,0.105556,0.25,0.1,0.122222,0.005556,0.188889,0.093307,NONCONFORMING,0.090909,0.004329,0.073593,0.021645,0.038961,0.142857,0.069264,0.095238,0.0,0.108225
Belgium,2011-12,96,0.041667,0.0625,0.041667,0.083333,0.25,0.1875,0.166667,0.0,0.166667,0.115768,NONCONFORMING,0.357143,0.011905,0.02381,0.02381,0.011905,0.107143,0.107143,0.095238,0.0,0.095238
Bermuda,2010-03,34,0.241379,0.0,0.0,0.068966,0.275862,0.206897,0.0,0.0,0.206897,0.110616,NONCONFORMING,0.029412,0.0,0.0,0.0,0.0,0.117647,0.147059,0.0,0.0,0.147059
Brazil,2010-09,59,0.333333,0.0,0.0,0.0,0.0,0.0,0.666667,0.0,0.0,0.14244,NONCONFORMING,0.333333,0.166667,0.0,0.0,0.0,0.0,0.0,0.333333,0.0,0.0
Brazil,2011-04,32,0.137931,0.034483,0.034483,0.034483,0.068966,0.310345,0.275862,0.0,0.103448,0.115324,NONCONFORMING,0.0,0.0,0.0,0.0,0.0,0.03125,0.25,0.21875,0.0,0.0625
Canada,2010-10,51,0.027778,0.055556,0.222222,0.0,0.305556,0.0,0.25,0.0,0.138889,0.135288,NONCONFORMING,0.088889,0.0,0.044444,0.155556,0.0,0.2,0.0,0.111111,0.0,0.111111
Canada,2010-11,27,0.05,0.1,0.05,0.1,0.25,0.0,0.35,0.0,0.1,0.115591,NONCONFORMING,0.2,0.04,0.08,0.04,0.08,0.2,0.0,0.28,0.0,0.08
Canada,2011-03,10,0.0,0.166667,0.5,0.0,0.0,0.0,0.166667,0.0,0.166667,0.134366,NONCONFORMING,0.333333,0.0,0.111111,0.222222,0.0,0.0,0.0,0.111111,0.0,0.111111
Canada,2011-05,1,0.0,0.0,1.0,0.0,0.0,0.0,0.0,0.0,0.0,0.194458,NONCONFORMING,0.0,0.0,0.0,0.0,0.0,0.0,0.0,0.0,0.0,0.0
Canada,2011-06,57,0.0,0.025,0.1,0.125,0.175,0.05,0.1,0.075,0.35,0.109779,NONCONFORMING,0.236364,0.0,0.0,0.054545,0.072727,0.054545,0.036364,0.072727,0.054545,0.163636
Canada,2011-07,78,0.0,0.089286,0.107143,0.178571,0.107143,0.125,0.160714,0.017857,0.214286,0.097539,NONCONFORMING,0.0625,0.0,0.078125,0.015625,0.125,0.078125,0.109375,0.140625,0.015625,0.171875
Canada,2011-08,5,0.0,0.0,0.5,0.0,0.5,0.0,0.0,0.0,0.0,0.176862,NONCONFORMING,0.333333,0.0,0.0,0.333333,0.0,0.333333,0.0,0.0,0.0,0.0
Channel Islands,2009-12,39,0.04,0.0,0.12,0.2,0.2,0.0,0.12,0.0,0.32,0.12448,NONCONFORMING,0.081081,0.0,0.0,0.027027,0.081081,0.027027,0.0,0.027027,0.0,0.108108
Channel Islands,2010-01,27,0.173913,0.043478,0.086957,0.0,0.391304,0.0,0.130435,0.0,0.173913,0.113938,NONCONFORMING,0.041667,0.041667,0.0,0.041667,0.0,0.125,0.0,0.041667,0.0,0.041667
Channel Islands,2010-03,16,0.166667,0.666667,0.166667,0.0,0.0,0.0,0.0,0.0,0.0,0.11829,NONCONFORMING,0.125,0.0625,0.25,0.0,0.0,0.0,0.0,0.0,0.0,0.0
Channel Islands,2010-04,52,0.0,0.051282,0.102564,0.128205,0.128205,0.153846,0.153846,0.0,0.282051,0.11097,NONCONFORMING,0.183673,0.0,0.0,0.061224,0.102041,0.061224,0.122449,0.040816,0.0,0.122449
Channel Islands,2010-05,217,0.081967,0.071038,0.125683,0.10929,0.147541,0.081967,0.191257,0.010929,0.180328,0.080964,NONCONFORMING,0.057416,0.009569,0.028708,0.076555,0.090909,0.047847,0.052632,0.148325,0.004785,0.100478
Channel Islands,2010-06,6,0.0,0.333333,0.0,0.0,0.0,0.666667,0.0,0.0,0.0,0.168214,NONCONFORMING,0.0,0.0,0.0,0.0,0.0,0.0,0.666667,0.0,0.0,0.0
Channel Islands,2010-08,53,0.037736,0.056604,0.113208,0.132075,0.150943,0.169811,0.113208,0.0,0.226415,0.099037,NONCONFORMING,0.0,0.037736,0.056604,0.037736,0.132075,0.113208,0.169811,0.09434,0.0,0.132075
Channel Islands,2010-09,202,0.019868,0.066225,0.119205,0.033113,0.284768,0.099338,0.178808,0.033113,0.165563,0.106356,NONCONFORMING,0.138462,0.0,0.041026,0.051282,0.005128,0.169231,0.046154,0.133333,0.010256,0.087179
Channel Islands,2010-10,105,0.023529,0.047059,0.152941,0.023529,0.176471,0.070588,0.235294,0.0,0.270588,0.118015,NONCONFORMING,0.12381,0.0,0.028571,0.019048,0.0,0.07619,0.019048,0.152381,0.0,0.085714
Channel Islands,2010-11,100,0.063291,0.050633,0.164557,0.012658,0.443038,0.050633,0.088608,0.0,0.126582,0.114426,NONCONFORMING,0.113402,0.0,0.041237,0.092784,0.0,0.237113,0.030928,0.072165,0.0,0.051546
Channel Islands,2010-12,17,0.0,0.0,0.0,0.230769,0.538462,0.0,0.076923,0.0,0.153846,0.160036,NONCONFORMING,0.0,0.0,0.0,0.0,0.176471,0.411765,0.0,0.058824,0.0,0.0
Channel Islands,2011-01,33,0.035714,0.035714,0.107143,0.035714,0.214286,0.0,0.214286,0.0,0.357143,0.133952,NONCONFORMING,0.125,0.0,0.0,0.0625,0.0,0.15625,0.0,0.15625,0.0,0.0625
Channel Islands,2011-02,10,0.444444,0.0,0.0,0.0,0.0,0.444444,0.0,0.111111,0.0,0.129082,NONCONFORMING,0.0,0.4,0.0,0.0,0.0,0.0,0.3,0.0,0.1,0.0
Channel Islands,2011-03,185,0.035714,0.028571,0.135714,0.05,0.321429,0.135714,0.157143,0.0,0.135714,0.113533,NONCONFORMING,0.107955,0.005682,0.017045,0.051136,0.034091,0.198864,0.107955,0.125,0.0,0.090909
Channel Islands,2011-04,10,0.0,0.0,0.125,0.125,0.375,0.0,0.125,0.0,0.25,0.132271,NONCONFORMING,0.0,0.0,0.0,0.0,0.1,0.1,0.0,0.0,0.0,0.0
Channel Islands,2011-05,34,0.071429,0.0,0.071429,0.178571,0.178571,0.142857,0.142857,0.035714,0.178571,0.105476,NONCONFORMING,0.088235,0.0,0.0,0.029412,0.088235,0.088235,0.088235,0.058824,0.029412,0.088235
Channel Islands,2011-06,82,0.063492,0.015873,0.174603,0.0,0.349206,0.063492,0.206349,0.0,0.126984,0.122061,NONCONFORMING,0.1,0.0,0.0125,0.1,0.0,0.2125,0.0375,0.1625,0.0,0.075
Channel Islands,2011-08,140,0.205607,0.009346,0.074766,0.074766,0.205607,0.168224,0.102804,0.009346,0.149533,0.08362,NONCONFORMING,0.074627,0.022388,0.007463,0.029851,0.044776,0.08209,0.134328,0.074627,0.0,0.097015
Channel Islands,2011-09,71,0.080645,0.080645,0.048387,0.129032,0.241935,0.16129,0.16129,0.016129,0.080645,0.094979,NONCONFORMING,0.058824,0.014706,0.073529,0.029412,0.0,0.161765,0.147059,0.132353,0.014706,0.073529
Channel Islands,2011-10,102,0.057971,0.101449,0.115942,0.043478,0.246377,0.086957,0.130435,0.0,0.217391,0.095841,NONCONFORMING,0.068627,0.019608,0.04902,0.009804,0.0,0.117647,0.039216,0.088235,0.0,0.098039
Channel Islands,2011-11,74,0.0,0.066667,0.166667,0.033333,0.183333,0.15,0.266667,0.0,0.133333,0.116708,NONCONFORMING,0.027027,0.0,0.054054,0.081081,0.0,0.108108,0.121622,0.175676,0.0,0.081081
Channel Islands,2011-12,5,0.0,0.0,0.0,0.25,0.0,0.0,0.5,0.0,0.25,0.177631,NONCONFORMING,0.0,0.0,0.0,0.0,0.0,0.0,0.0,0.4,0.0,0.0
Cyprus,2009-12,194,0.012195,0.152439,0.152439,0.085366,0.243902,0.02439,0.231707,0.018293,0.079268,0.088766,NONCONFORMING,0.044444,0.011111,0.138889,0.083333,0.066667,0.2,0.005556,0.183333,0.0,0.038889
Cyprus,2010-01,4,0.0,0.0,0.333333,0.0,0.333333,0.0,0.333333,0.0,0.0,0.163975,NONCONFORMING,0.0,0.0,0.0,0.333333,0.0,0.0,0.0,0.333333,0.0,0.0
Cyprus,2010-02,50,0.030303,0.242424,0.060606,0.030303,0.212121,0.090909,0.181818,0.0,0.151515,0.100627,NONCONFORMING,0.195122,0.0,0.121951,0.04878,0.02439,0.146341,0.073171,0.146341,0.0,0.097561
Cyprus,2010-03,65,0.04,0.04,0.06,0.06,0.24,0.14,0.22,0.02,0.18,0.117805,NONCONFORMING,0.016667,0.016667,0.016667,0.016667,0.05,0.166667,0.066667,0.183333,0.0,0.083333
Cyprus,2010-04,49,0.0,0.085714,0.028571,0.085714,0.257143,0.028571,0.228571,0.028571,0.257143,0.124428,NONCONFORMING,0.212766,0.0,0.042553,0.021277,0.042553,0.170213,0.021277,0.12766,0.021277,0.148936
Cyprus,2010-05,18,0.0,0.058824,0.058824,0.0,0.411765,0.0,0.294118,0.0,0.176471,0.155427,NONCONFORMING,0.055556,0.0,0.055556,0.0,0.0,0.333333,0.0,0.222222,0.0,0.111111
Cyprus,2010-06,21,0.15,0.1,0.0,0.05,0.25,0.1,0.2,0.0,0.15,0.100027,NONCONFORMING,0.0,0.0,0.095238,0.0,0.047619,0.142857,0.047619,0.190476,0.0,0.095238
Cyprus,2010-09,104,0.148148,0.074074,0.148148,0.0,0.481481,0.037037,0.037037,0.037037,0.037037,0.094558,NONCONFORMING,0.176471,0.058824,0.058824,0.058824,0.0,0.117647,0.029412,0.029412,0.029412,0.029412
Cyprus,2010-10,31,0.0,0.344828,0.103448,0.068966,0.206897,0.034483,0.103448,0.068966,0.068966,0.085095,NONCONFORMING,0.0,0.0,0.322581,0.032258,0.064516,0.16129,0.032258,0.096774,0.032258,0.032258
Cyprus,2010-11,4,0.0,0.0,0.25,0.0,0.0,0.0,0.75,0.0,0.0,0.181571,NONCONFORMING,0.0,0.0,0.0,0.0,0.0,0.0,0.0,0.0,0.0,0.0
Cyprus,2010-12,84,0.085714,0.371429,0.0,0.057143,0.171429,0.114286,0.057143,0.085714,0.057143,0.084638,NONCONFORMING,0.0625,0.0,0.208333,0.0,0.0,0.041667,0.041667,0.020833,0.041667,0.020833
Cyprus,2011-01,16,0.0,0.181818,0.0,0.181818,0.363636,0.181818,0.090909,0.0,0.0,0.116195,NONCONFORMING,0.153846,0.0,0.153846,0.0,0.153846,0.307692,0.0,0.076923,0.0,0.0
Cyprus,2011-02,157,0.076271,0.084746,0.059322,0.101695,0.20339,0.016949,0.305085,0.016949,0.135593,0.103538,NONCONFORMING,0.043796,0.036496,0.058394,0.0,0.080292,0.160584,0.007299,0.240876,0.0,0.065693
Cyprus,2011-03,48,0.0,0.117647,0.088235,0.0,0.5,0.0,0.235294,0.0,0.058824,0.135819,NONCONFORMING,0.191489,0.0,0.06383,0.021277,0.0,0.319149,0.0,0.170213,0.0,0.021277
Cyprus,2011-06,48,0.1,0.025,0.025,0.05,0.1,0.225,0.1,0.075,0.3,0.110882,NONCONFORMING,0.0625,0.020833,0.020833,0.0,0.020833,0.041667,0.1875,0.020833,0.0625,0.166667
Cyprus,2011-09,1,0.0,0.0,0.0,0.0,0.0,0.0,0.0,0.0,1.0,0.212054,NONCONFORMING,0.0,0.0,0.0,0.0,0.0,0.0,0.0,0.0,0.0,1.0
Cyprus,2011-10,161,0.060606,0.037879,0.075758,0.143939,0.204545,0.075758,0.136364,0.022727,0.242424,0.101387,NONCONFORMING,0.037267,0.018634,0.006211,0.024845,0.055901,0.136646,0.055901,0.086957,0.006211,0.111801
Cyprus,2011-11,83,0.0,0.0,0.0,0.0,0.5,0.125,0.25,0.0,0.125,0.166694,NONCONFORMING,0.111111,0.0,0.0,0.0,0.0,0.111111,0.111111,0.222222,0.0,0.0
Czech Republic,2011-02,16,0.166667,0.083333,0.083333,0.0,0.25,0.083333,0.083333,0.0,0.25,0.09262,NONCONFORMING,0.0,0.0,0.0,0.0,0.0,0.0625,0.0,0.0,0.0,0.0
Czech Republic,2011-10,11,0.142857,0.0,0.0,0.0,0.428571,0.0,0.142857,0.142857,0.142857,0.138458,NONCONFORMING,0.090909,0.0,0.0,0.0,0.0,0.181818,0.0,0.0,0.090909,0.0
Denmark,2009-12,8,0.25,0.25,0.25,0.0,0.25,0.0,0.0,0.0,0.0,0.082175,NONCONFORMING,0.125,0.0,0.0,0.125,0.0,0.125,0.0,0.0,0.0,0.0
Denmark,2010-01,40,0.125,0.125,0.15625,0.0,0.15625,0.15625,0.09375,0.09375,0.09375,0.072007,NONCONFORMING,0.0,0.0,0.026316,0.052632,0.0,0.0,0.052632,0.026316,0.0,0.026316
Denmark,2010-02,31,0.076923,0.153846,0.115385,0.115385,0.115385,0.076923,0.038462,0.192308,0.115385,0.061208,NONCONFORMING,0.032258,0.0,0.032258,0.0,0.064516,0.032258,0.0,0.0,0.032258,0.032258
Denmark,2010-03,25,0.222222,0.222222,0.055556,0.111111,0.055556,0.111111,0.0,0.055556,0.166667,0.051069,NONCONFORMING,0.28,0.0,0.16,0.0,0.04,0.04,0.04,0.0,0.04,0.0
Denmark,2010-04,10,0.0,0.111111,0.111111,0.111111,0.111111,0.222222,0.0,0.0,0.333333,0.108663,NONCONFORMING,0.0,0.0,0.0,0.0,0.1,0.0,0.1,0.0,0.0,0.1
Denmark,2010-06,88,0.035714,0.071429,0.125,0.035714,0.232143,0.089286,0.125,0.035714,0.25,0.099247,NONCONFORMING,0.120482,0.0,0.012048,0.060241,0.024096,0.120482,0.0,0.084337,0.0,0.072289
Denmark,2010-07,4,0.0,0.0,0.0,0.5,0.0,0.25,0.25,0.0,0.0,0.172922,NONCONFORMING,0.0,0.0,0.0,0.0,0.0,0.0,0.0,0.0,0.0,0.0
Denmark,2010-08,75,0.0,0.087719,0.105263,0.052632,0.245614,0.070175,0.157895,0.035088,0.245614,0.104316,NONCONFORMING,0.058824,0.0,0.029412,0.029412,0.029412,0.088235,0.0,0.073529,0.014706,0.102941
Denmark,2010-09,40,0.064516,0.032258,0.0,0.032258,0.741935,0.064516,0.0,0.0,0.064516,0.151447,NONCONFORMING,0.05,0.0,0.025,0.0,0.025,0.225,0.025,0.0,0.0,0.025
Denmark,2010-10,18,0.0,0.0,0.066667,0.0,0.066667,0.066667,0.4,0.0,0.4,0.154722,NONCONFORMING,0.111111,0.0,0.0,0.055556,0.0,0.0,0.0,0.333333,0.0,0.277778
Denmark,2010-11,64,0.12766,0.0,0.12766,0.021277,0.234043,0.106383,0.106383,0.106383,0.170213,0.094466,NONCONFORMING,0.067797,0.067797,0.0,0.016949,0.0,0.033898,0.0,0.016949,0.067797,0.0
Denmark,2010-12,20,0.058824,0.0,0.058824,0.058824,0.588235,0.0,0.0,0.176471,0.058824,0.143875,NONCONFORMING,0.0,0.05,0.0,0.05,0.05,0.1,0.0,0.0,0.1,0.0
Denmark,2011-02,20,0.0,0.0,0.375,0.0,0.1875,0.0625,0.3125,0.0,0.0625,0.139918,NONCONFORMING,0.2,0.0,0.0,0.1,0.0,0.1,0.0,0.2,0.0,0.05
Denmark,2011-03,20,0.0,0.133333,0.066667,0.0,0.266667,0.333333,0.0,0.066667,0.133333,0.123769,NONCONFORMING,0.1,0.0,0.0,0.05,0.0,0.05,0.0,0.0,0.0,0.0
Denmark,2011-05,19,0.111111,0.0,0.0,0.0,0.0,0.333333,0.0,0.0,0.555556,0.172486,NONCONFORMING,0.421053,0.0,0.0,0.0,0.0,0.0,0.0,0.0,0.0,0.157895
Denmark,2011-06,107,0.037975,0.037975,0.202532,0.088608,0.278481,0.151899,0.037975,0.0,0.164557,0.10681,NONCONFORMING,0.07,0.0,0.03,0.08,0.01,0.06,0.1,0.02,0.0,0.03
Denmark,2011-07,17,0.0,0.0,0.25,0.0,0.125,0.125,0.0,0.125,0.375,0.14045,NONCONFORMING,0.0,0.0,0.0,0.0,0.0,0.083333,0.0,0.0,0.083333,0.0
Denmark,2011-08,16,0.0,0.0,0.0,0.25,0.0,0.25,0.25,0.25,0.0,0.161555,NONCONFORMING,0.75,0.0,0.0,0.0,0.0,0.0,0.0625,0.0625,0.0625,0.0
Denmark,2011-09,46,0.027027,0.0,0.162162,0.054054,0.135135,0.135135,0.297297,0.0,0.189189,0.120912,NONCONFORMING,0.071429,0.02381,0.0,0.047619,0.0,0.047619,0.071429,0.166667,0.0,0.071429
Denmark,2011-10,23,0.0,0.222222,0.166667,0.0,0.0,0.222222,0.166667,0.111111,0.111111,0.106027,NONCONFORMING,0.181818,0.0,0.181818,0.090909,0.0,0.0,0.090909,0.136364,0.090909,0.045455
Denmark,2011-11,83,0.036364,0.018182,0.127273,0.090909,0.327273,0.018182,0.127273,0.0,0.254545,0.117443,NONCONFORMING,0.013699,0.0,0.0,0.027397,0.0,0.109589,0.0,0.09589,0.0,0.09589
Denmark,2011-12,11,0.0,0.142857,0.714286,0.0,0.0,0.0,0.0,0.142857,0.0,0.151345,NONCONFORMING,0.3,0.0,0.1,0.2,0.0,0.0,0.0,0.0,0.1,0.0
Eire,2009-12,581,0.057026,0.10387,0.14053,0.07332,0.295316,0.052953,0.126273,0.010183,0.14053,0.087729,NONCONFORMING,0.046346,0.017825,0.065954,0.078431,0.049911,0.196078,0.017825,0.098039,0.0,0.076649
Eire,2010-01,569,0.104072,0.10181,0.144796,0.065611,0.223982,0.058824,0.153846,0.022624,0.124434,0.075376,NONCONFORMING,0.084685,0.016216,0.045045,0.072072,0.027027,0.122523,0.018018,0.095495,0.005405,0.030631
Eire,2010-02,524,0.081081,0.1,0.127027,0.054054,0.278378,0.07027,0.137838,0.008108,0.143243,0.084876,NONCONFORMING,0.100218,0.023965,0.058824,0.043573,0.026144,0.167756,0.030501,0.100218,0.0,0.050109
Eire,2010-03,733,0.059649,0.098246,0.101754,0.089474,0.278947,0.064912,0.163158,0.022807,0.121053,0.084495,NONCONFORMING,0.099125,0.016035,0.055394,0.055394,0.065598,0.174927,0.039359,0.110787,0.005831,0.06414
Eire,2010-04,629,0.056962,0.122363,0.111814,0.082278,0.278481,0.052743,0.135021,0.016878,0.14346,0.083118,NONCONFORMING,0.091216,0.018581,0.069257,0.054054,0.045608,0.165541,0.027027,0.092905,0.001689,0.076014
Eire,2010-05,824,0.078098,0.10017,0.125637,0.06961,0.258065,0.037351,0.164686,0.010187,0.156197,0.088159,NONCONFORMING,0.087432,0.02459,0.062842,0.04918,0.045082,0.155738,0.020492,0.11612,0.0,0.080601
Eire,2010-06,653,0.056497,0.080979,0.097928,0.077213,0.274953,0.06403,0.169492,0.028249,0.150659,0.091594,NONCONFORMING,0.058544,0.018987,0.036392,0.037975,0.039557,0.162975,0.017405,0.132911,0.003165,0.064873
Eire,2010-07,699,0.067797,0.107345,0.114878,0.06403,0.288136,0.039548,0.165725,0.022599,0.129944,0.089083,NONCONFORMING,0.114155,0.013699,0.045662,0.063927,0.038052,0.167428,0.021309,0.115677,0.001522,0.056317
Eire,2010-08,675,0.055202,0.110403,0.099788,0.059448,0.280255,0.042463,0.195329,0.012739,0.144374,0.097117,NONCONFORMING,0.090452,0.021776,0.048576,0.045226,0.040201,0.150754,0.018425,0.142379,0.005025,0.077052
Eire,2010-09,973,0.065484,0.076398,0.126876,0.043656,0.28513,0.043656,0.21146,0.0191,0.12824,0.09863,NONCONFORMING,0.104301,0.012903,0.04086,0.051613,0.025806,0.164516,0.02043,0.147312,0.002151,0.065591
Eire,2010-10,1467,0.079678,0.046553,0.113697,0.062668,0.292748,0.046553,0.177261,0.027753,0.153089,0.097815,NONCONFORMING,0.088983,0.012712,0.02048,0.041667,0.024718,0.148305,0.016243,0.120056,0.00565,0.069915
Eire,2010-11,1121,0.065614,0.080194,0.09599,0.069259,0.324423,0.051033,0.153098,0.019441,0.140948,0.096786,NONCONFORMING,0.106604,0.010377,0.033962,0.04434,0.041509,0.191509,0.025472,0.103774,0.00566,0.05283
Eire,2010-12,375,0.077465,0.056338,0.105634,0.073944,0.362676,0.017606,0.204225,0.007042,0.09507,0.106454,NONCONFORMING,0.074176,0.013736,0.035714,0.027473,0.024725,0.175824,0.008242,0.126374,0.005495,0.038462
Eire,2011-01,176,0.099174,0.14876,0.082645,0.099174,0.181818,0.066116,0.115702,0.066116,0.140496,0.060514,NONCONFORMING,0.095541,0.006369,0.070064,0.019108,0.031847,0.121019,0.019108,0.031847,0.031847,0.070064
Eire,2011-02,435,0.127208,0.09894,0.074205,0.056537,0.29682,0.070671,0.151943,0.014134,0.109541,0.084244,NONCONFORMING,0.101449,0.06087,0.063768,0.026087,0.026087,0.182609,0.046377,0.121739,0.0,0.06087
Eire,2011-03,568,0.064665,0.094688,0.08776,0.053118,0.267898,0.053118,0.17552,0.036952,0.166282,0.094838,NONCONFORMING,0.137218,0.022556,0.058271,0.035714,0.031955,0.157895,0.035714,0.12594,0.018797,0.116541
Eire,2011-04,317,0.065502,0.091703,0.082969,0.082969,0.262009,0.069869,0.187773,0.021834,0.135371,0.090032,NONCONFORMING,0.122378,0.027972,0.038462,0.034965,0.062937,0.174825,0.041958,0.146853,0.017483,0.090909
Eire,2011-05,615,0.036735,0.102041,0.083673,0.053061,0.287755,0.087755,0.185714,0.014286,0.14898,0.102295,NONCONFORMING,0.06563,0.005181,0.051813,0.036269,0.032815,0.189983,0.056995,0.129534,0.006908,0.063903
Eire,2011-06,638,0.055785,0.088843,0.126033,0.082645,0.190083,0.076446,0.167355,0.041322,0.171488,0.079242,NONCONFORMING,0.059222,0.01692,0.045685,0.052453,0.037225,0.126904,0.035533,0.128596,0.021997,0.103215
Eire,2011-07,715,0.043233,0.069549,0.163534,0.082707,0.231203,0.050752,0.165414,0.030075,0.163534,0.092403,NONCONFORMING,0.072555,0.004732,0.026814,0.083596,0.044164,0.146688,0.020505,0.115142,0.009464,0.078864
Eire,2011-08,658,0.080189,0.068396,0.129717,0.063679,0.238208,0.09434,0.143868,0.009434,0.17217,0.089664,NONCONFORMING,0.079482,0.020333,0.036969,0.07024,0.027726,0.136784,0.048059,0.083179,0.005545,0.092421
Eire,2011-09,1211,0.059211,0.085526,0.073465,0.072368,0.246711,0.071272,0.195175,0.025219,0.171053,0.096519,NONCONFORMING,0.083258,0.01448,0.044344,0.038914,0.028959,0.153846,0.047059,0.143891,0.009955,0.089593
Eire,2011-10,886,0.04048,0.088456,0.112444,0.097451,0.190405,0.089955,0.202399,0.037481,0.14093,0.083189,NONCONFORMING,0.061198,0.00651,0.054688,0.050781,0.05599,0.115885,0.059896,0.16276,0.026042,0.06901
Eire,2011-11,1097,0.046005,0.077482,0.090799,0.072639,0.257869,0.084746,0.161017,0.01937,0.190073,0.098628,NONCONFORMING,0.082341,0.010913,0.042659,0.037698,0.03373,0.146825,0.060516,0.118056,0.009921,0.095238
Eire,2011-12,339,0.057522,0.057522,0.088496,0.09292,0.318584,0.070796,0.146018,0.017699,0.150442,0.096881,NONCONFORMING,0.045936,0.010601,0.035336,0.028269,0.031802,0.204947,0.04947,0.116608,0.010601,0.081272
European Community,2011-04,11,0.0,0.090909,0.181818,0.090909,0.272727,0.090909,0.272727,0.0,0.0,0.108694,NONCONFORMING,0.0,0.0,0.090909,0.181818,0.090909,0.272727,0.0,0.272727,0.0,0.0
European Community,2011-06,20,0.0,0.0,0.0,0.071429,0.428571,0.0,0.428571,0.0,0.071429,0.165698,NONCONFORMING,0.157895,0.0,0.0,0.0,0.052632,0.105263,0.0,0.315789,0.0,0.0
European Community,2011-07,30,0.1,0.05,0.15,0.1,0.25,0.0,0.25,0.0,0.1,0.098938,NONCONFORMING,0.033333,0.0,0.033333,0.066667,0.0,0.166667,0.0,0.166667,0.0,0.033333
Finland,2009-12,4,0.0,0.0,0.5,0.5,0.0,0.0,0.0,0.0,0.0,0.172922,NONCONFORMING,0.0,0.0,0.0,0.25,0.0,0.0,0.0,0.0,0.0,0.0
Finland,2010-01,34,0.071429,0.107143,0.25,0.035714,0.178571,0.0,0.071429,0.0,0.285714,0.106188,NONCONFORMING,0.034483,0.0,0.0,0.172414,0.0,0.103448,0.0,0.068966,0.0,0.137931
Finland,2010-04,76,0.068966,0.172414,0.155172,0.068966,0.189655,0.0,0.137931,0.0,0.206897,0.084841,NONCONFORMING,0.123288,0.027397,0.082192,0.109589,0.027397,0.150685,0.0,0.109589,0.0,0.082192
Finland,2010-05,55,0.071429,0.119048,0.071429,0.047619,0.404762,0.0,0.214286,0.02381,0.047619,0.107497,NONCONFORMING,0.117647,0.039216,0.098039,0.058824,0.039216,0.294118,0.0,0.176471,0.0,0.039216
Finland,2010-06,29,0.0,0.125,0.083333,0.0,0.25,0.0,0.291667,0.0,0.25,0.135275,NONCONFORMING,0.0,0.0,0.107143,0.071429,0.0,0.214286,0.0,0.142857,0.0,0.142857
Finland,2010-07,25,0.0,0.166667,0.111111,0.055556,0.333333,0.055556,0.166667,0.055556,0.055556,0.083784,NONCONFORMING,0.0,0.0,0.1,0.1,0.0,0.3,0.05,0.15,0.05,0.05
Finland,2010-09,58,0.025,0.1,0.375,0.0,0.125,0.0,0.175,0.0,0.2,0.126029,NONCONFORMING,0.068182,0.0,0.0,0.295455,0.0,0.113636,0.0,0.159091,0.0,0.136364
Finland,2010-10,59,0.0,0.209302,0.023256,0.069767,0.348837,0.046512,0.139535,0.023256,0.139535,0.106264,NONCONFORMING,0.057692,0.0,0.076923,0.0,0.057692,0.269231,0.019231,0.115385,0.0,0.096154
Finland,2010-11,19,0.066667,0.0,0.333333,0.2,0.133333,0.0,0.2,0.0,0.066667,0.117457,NONCONFORMING,0.105263,0.0,0.0,0.263158,0.105263,0.0,0.0,0.157895,0.0,0.052632
Finland,2010-12,19,0.166667,0.0,0.333333,0.083333,0.0,0.0,0.0,0.083333,0.333333,0.117367,NONCONFORMING,0.052632,0.0,0.0,0.210526,0.0,0.0,0.0,0.0,0.0,0.0
Finland,2011-01,11,0.5,0.125,0.125,0.125,0.0,0.0,0.0,0.125,0.0,0.066882,NONCONFORMING,0.0,0.0,0.0,0.090909,0.0,0.0,0.0,0.0,0.090909,0.0
Finland,2011-02,13,0.0,0.0,0.875,0.125,0.0,0.0,0.0,0.0,0.0,0.172922,NONCONFORMING,0.153846,0.0,0.0,0.538462,0.0,0.0,0.0,0.0,0.0,0.0
Finland,2011-03,218,0.058824,0.071895,0.03268,0.071895,0.320261,0.045752,0.163399,0.026144,0.20915,0.113307,NONCONFORMING,0.126904,0.010152,0.045685,0.020305,0.035533,0.177665,0.020305,0.096447,0.020305,0.091371
Finland,2011-04,40,0.045455,0.227273,0.0,0.181818,0.181818,0.0,0.227273,0.136364,0.0,0.109604,NONCONFORMING,0.1,0.0,0.166667,0.0,0.033333,0.1,0.0,0.133333,0.1,0.0
Finland,2011-06,13,0.0,0.0,0.0,0.083333,0.333333,0.083333,0.083333,0.0,0.416667,0.148175,NONCONFORMING,0.0,0.0,0.0,0.0,0.0,0.230769,0.076923,0.076923,0.0,0.307692
Finland,2011-07,87,0.027778,0.027778,0.180556,0.138889,0.208333,0.027778,0.111111,0.041667,0.236111,0.104494,NONCONFORMING,0.024691,0.0,0.012346,0.148148,0.012346,0.111111,0.012346,0.049383,0.037037,0.074074
Finland,2011-08,62,0.166667,0.055556,0.027778,0.0,0.194444,0.027778,0.25,0.0,0.277778,0.119843,NONCONFORMING,0.137931,0.034483,0.034483,0.0,0.0,0.103448,0.017241,0.155172,0.0,0.137931
Finland,2011-09,34,0.071429,0.214286,0.142857,0.071429,0.214286,0.071429,0.071429,0.0,0.142857,0.068052,NONCONFORMING,0.041667,0.0,0.125,0.0,0.041667,0.125,0.041667,0.041667,0.0,0.041667
Finland,2011-10,115,0.0,0.086957,0.065217,0.054348,0.173913,0.108696,0.26087,0.01087,0.23913,0.118385,NONCONFORMING,0.078431,0.0,0.058824,0.058824,0.039216,0.127451,0.078431,0.22549,0.009804,0.186275
Finland,2011-11,75,0.096154,0.173077,0.019231,0.115385,0.173077,0.096154,0.173077,0.0,0.153846,0.081056,NONCONFORMING,0.070423,0.0,0.084507,0.014085,0.042254,0.070423,0.056338,0.070423,0.0,0.070423
Finland,2011-12,13,0.222222,0.0,0.0,0.0,0.222222,0.0,0.444444,0.0,0.111111,0.132188,NONCONFORMING,0.0,0.0,0.0,0.0,0.0,0.076923,0.0,0.076923,0.0,0.0
France,2009-12,287,0.047872,0.069149,0.164894,0.026596,0.31383,0.06383,0.143617,0.015957,0.154255,0.104161,NONCONFORMING,0.140625,0.019531,0.027344,0.097656,0.003906,0.144531,0.019531,0.078125,0.011719,0.050781
France,2010-01,332,0.09322,0.105932,0.161017,0.059322,0.228814,0.067797,0.122881,0.025424,0.135593,0.075841,NONCONFORMING,0.088737,0.020478,0.061433,0.109215,0.03413,0.129693,0.030717,0.088737,0.013652,0.081911
France,2010-02,408,0.052817,0.084507,0.151408,0.052817,0.253521,0.073944,0.15493,0.014085,0.161972,0.093546,NONCONFORMING,0.109661,0.007833,0.044386,0.060052,0.018277,0.127937,0.039164,0.096606,0.010444,0.070496
France,2010-03,382,0.074803,0.062992,0.129921,0.059055,0.26378,0.062992,0.133858,0.003937,0.208661,0.095189,NONCONFORMING,0.115385,0.014793,0.026627,0.047337,0.026627,0.159763,0.023669,0.091716,0.002959,0.08284
France,2010-04,250,0.07027,0.059459,0.140541,0.021622,0.297297,0.043243,0.124324,0.0,0.243243,0.110564,NONCONFORMING,0.064935,0.017316,0.017316,0.060606,0.012987,0.17316,0.008658,0.073593,0.0,0.12987
France,2010-05,429,0.073333,0.096667,0.103333,0.066667,0.26,0.083333,0.123333,0.013333,0.18,0.088175,NONCONFORMING,0.095607,0.01292,0.033592,0.049096,0.033592,0.155039,0.031008,0.087855,0.005168,0.082687
France,2010-06,445,0.072165,0.065292,0.147766,0.037801,0.278351,0.068729,0.113402,0.017182,0.199313,0.096165,NONCONFORMING,0.125,0.023438,0.023438,0.078125,0.013021,0.177083,0.044271,0.080729,0.013021,0.091146
France,2010-07,348,0.048458,0.048458,0.246696,0.070485,0.207048,0.0837,0.0837,0.017621,0.193833,0.097814,NONCONFORMING,0.069767,0.023256,0.023256,0.100775,0.031008,0.151163,0.042636,0.069767,0.007752,0.100775
France,2010-08,217,0.094675,0.094675,0.189349,0.065089,0.189349,0.065089,0.159763,0.047337,0.094675,0.072282,NONCONFORMING,0.054726,0.029851,0.039801,0.069652,0.029851,0.119403,0.0199,0.109453,0.00995,0.049751
France,2010-09,557,0.051724,0.059113,0.135468,0.066502,0.236453,0.098522,0.1133,0.019704,0.219212,0.095142,NONCONFORMING,0.087302,0.009921,0.021825,0.043651,0.037698,0.150794,0.047619,0.075397,0.011905,0.107143
France,2010-10,664,0.047493,0.102902,0.171504,0.063325,0.245383,0.07124,0.14248,0.026385,0.129288,0.085573,NONCONFORMING,0.125,0.011719,0.037109,0.056641,0.029297,0.125,0.03125,0.095703,0.005859,0.072266
France,2010-11,973,0.037102,0.097173,0.128975,0.040636,0.273852,0.081272,0.120141,0.024735,0.196113,0.094564,NONCONFORMING,0.118402,0.008559,0.058488,0.047076,0.017118,0.162625,0.041369,0.091298,0.011412,0.108417
France,2010-12,431,0.040293,0.062271,0.106227,0.040293,0.307692,0.10989,0.161172,0.043956,0.128205,0.101574,NONCONFORMING,0.095376,0.00289,0.031792,0.034682,0.017341,0.193642,0.054913,0.121387,0.026012,0.075145
France,2011-01,675,0.028455,0.056911,0.103659,0.069106,0.280488,0.071138,0.182927,0.012195,0.195122,0.106622,NONCONFORMING,0.090461,0.006579,0.036184,0.032895,0.03125,0.167763,0.023026,0.128289,0.003289,0.116776
France,2011-02,422,0.02963,0.088889,0.092593,0.048148,0.288889,0.092593,0.114815,0.037037,0.207407,0.10085,NONCONFORMING,0.176,0.0,0.058667,0.029333,0.016,0.16,0.042667,0.077333,0.018667,0.104
France,2011-03,544,0.050667,0.037333,0.157333,0.058667,0.266667,0.088,0.16,0.021333,0.16,0.101596,NONCONFORMING,0.103594,0.010571,0.021142,0.073996,0.02537,0.158562,0.052854,0.112051,0.010571,0.069767
France,2011-04,220,0.052632,0.082707,0.203008,0.067669,0.18797,0.150376,0.097744,0.015038,0.142857,0.090475,NONCONFORMING,0.08982,0.023952,0.047904,0.02994,0.023952,0.101796,0.107784,0.077844,0.005988,0.071856
France,2011-05,736,0.049603,0.059524,0.109127,0.069444,0.224206,0.204365,0.085317,0.017857,0.180556,0.098793,NONCONFORMING,0.076923,0.013846,0.033846,0.029231,0.015385,0.136923,0.124615,0.056923,0.012308,0.084615
France,2011-06,599,0.05303,0.040404,0.156566,0.078283,0.19697,0.138889,0.121212,0.027778,0.186869,0.094598,NONCONFORMING,0.073864,0.011364,0.00947,0.047348,0.017045,0.111742,0.087121,0.073864,0.017045,0.079545
France,2011-07,451,0.062295,0.062295,0.091803,0.091803,0.219672,0.088525,0.15082,0.042623,0.190164,0.088734,NONCONFORMING,0.118863,0.02584,0.043928,0.043928,0.023256,0.147287,0.062016,0.100775,0.033592,0.085271
France,2011-08,576,0.037975,0.060759,0.129114,0.075949,0.227848,0.136709,0.118987,0.017722,0.194937,0.096173,NONCONFORMING,0.117188,0.009766,0.027344,0.033203,0.035156,0.154297,0.080078,0.087891,0.011719,0.113281
France,2011-09,1061,0.024793,0.059229,0.125344,0.078512,0.227273,0.166667,0.130854,0.03168,0.155647,0.095771,NONCONFORMING,0.12118,0.002107,0.037935,0.023182,0.022129,0.132771,0.100105,0.089568,0.018967,0.076923
France,2011-10,900,0.032929,0.079723,0.121317,0.051993,0.249567,0.12305,0.143847,0.024263,0.17331,0.097755,NONCONFORMING,0.093185,0.006954,0.048679,0.065369,0.019471,0.166898,0.063978,0.111266,0.01669,0.093185
France,2011-11,1550,0.036598,0.085038,0.104413,0.078579,0.244349,0.116254,0.157158,0.031216,0.146394,0.092062,NONCONFORMING,0.105657,0.012479,0.043261,0.036606,0.024126,0.133943,0.06822,0.108153,0.012479,0.074043
France,2011-12,332,0.026786,0.058036,0.044643,0.066964,0.285714,0.075893,0.160714,0.03125,0.25,0.116099,NONCONFORMING,0.082437,0.007168,0.032258,0.021505,0.02509,0.193548,0.046595,0.114695,0.021505,0.103943
Germany,2009-12,387,0.047273,0.08,0.156364,0.072727,0.28,0.032727,0.130909,0.007273,0.192727,0.100474,NONCONFORMING,0.120112,0.00838,0.041899,0.089385,0.030726,0.170391,0.002793,0.075419,0.005587,0.061453
Germany,2010-01,570,0.039216,0.142157,0.154412,0.058824,0.232843,0.056373,0.171569,0.007353,0.137255,0.086269,NONCONFORMING,0.129845,0.007752,0.083333,0.083333,0.031008,0.145349,0.023256,0.124031,0.003876,0.075581
Germany,2010-02,463,0.057143,0.111111,0.12381,0.050794,0.28254,0.066667,0.136508,0.025397,0.146032,0.084922,NONCONFORMING,0.134518,0.030457,0.060914,0.073604,0.022843,0.195431,0.017766,0.098985,0.01269,0.091371
Germany,2010-03,595,0.083141,0.108545,0.08776,0.08545,0.251732,0.083141,0.117783,0.034642,0.147806,0.077908,NONCONFORMING,0.106383,0.031915,0.062057,0.047872,0.054965,0.132979,0.030142,0.076241,0.012411,0.078014
Germany,2010-04,767,0.061069,0.089695,0.116412,0.068702,0.225191,0.078244,0.148855,0.019084,0.192748,0.087814,NONCONFORMING,0.10101,0.017316,0.054834,0.064935,0.027417,0.119769,0.02886,0.099567,0.010101,0.088023
Germany,2010-05,356,0.08156,0.095745,0.134752,0.024823,0.180851,0.053191,0.205674,0.024823,0.198582,0.091553,NONCONFORMING,0.078788,0.024242,0.051515,0.066667,0.009091,0.112121,0.015152,0.166667,0.012121,0.130303
Germany,2010-06,604,0.044543,0.080178,0.169265,0.057906,0.224944,0.028953,0.182628,0.017817,0.193764,0.102829,NONCONFORMING,0.103074,0.01085,0.0434,0.097649,0.027125,0.139241,0.007233,0.142857,0.005425,0.095841
Germany,2010-07,850,0.028053,0.092409,0.122112,0.092409,0.234323,0.036304,0.191419,0.031353,0.171617,0.092095,NONCONFORMING,0.131812,0.011407,0.054499,0.062104,0.045627,0.152091,0.019011,0.134347,0.012674,0.101394
Germany,2010-08,418,0.02994,0.053892,0.128743,0.07485,0.218563,0.077844,0.185629,0.017964,0.212575,0.099675,NONCONFORMING,0.077121,0.017995,0.023136,0.046272,0.030848,0.159383,0.030848,0.151671,0.007712,0.143959
Germany,2010-09,697,0.037109,0.087891,0.146484,0.044922,0.212891,0.037109,0.185547,0.023438,0.224609,0.102592,NONCONFORMING,0.096215,0.006309,0.039432,0.069401,0.022082,0.123028,0.011041,0.124606,0.012618,0.132492
Germany,2010-10,853,0.049363,0.079618,0.164013,0.063694,0.246815,0.038217,0.179936,0.019108,0.159236,0.098251,NONCONFORMING,0.110406,0.008883,0.041878,0.091371,0.027919,0.133249,0.01269,0.133249,0.007614,0.086294
Germany,2010-11,952,0.045033,0.071523,0.124503,0.055629,0.295364,0.054305,0.170861,0.01457,0.168212,0.100335,NONCONFORMING,0.083978,0.00884,0.034254,0.062983,0.01768,0.177901,0.01989,0.127072,0.00884,0.092818
Germany,2010-12,524,0.053985,0.048843,0.079692,0.064267,0.280206,0.03599,0.187661,0.046272,0.203085,0.108449,NONCONFORMING,0.102459,0.004098,0.026639,0.045082,0.022541,0.137295,0.018443,0.127049,0.026639,0.098361
Germany,2011-01,797,0.012915,0.088561,0.125461,0.062731,0.276753,0.04059,0.195572,0.02952,0.167897,0.101736,NONCONFORMING,0.141227,0.005706,0.049929,0.062767,0.035663,0.169757,0.017118,0.145506,0.011412,0.094151
Germany,2011-02,305,0.055794,0.051502,0.111588,0.072961,0.304721,0.064378,0.137339,0.034335,0.167382,0.09478,NONCONFORMING,0.111888,0.013986,0.031469,0.027972,0.038462,0.181818,0.020979,0.097902,0.020979,0.083916
Germany,2011-03,586,0.036199,0.061086,0.079186,0.056561,0.285068,0.065611,0.147059,0.058824,0.210407,0.103839,NONCONFORMING,0.130354,0.013035,0.029795,0.039106,0.027933,0.189944,0.03352,0.111732,0.039106,0.137803
Germany,2011-04,445,0.053459,0.084906,0.119497,0.053459,0.220126,0.081761,0.179245,0.028302,0.179245,0.091222,NONCONFORMING,0.096059,0.004926,0.041872,0.036946,0.017241,0.128079,0.041872,0.118227,0.019704,0.098522
Germany,2011-05,782,0.041522,0.091696,0.110727,0.074394,0.217993,0.124567,0.136678,0.034602,0.16782,0.088263,NONCONFORMING,0.089136,0.01532,0.050139,0.032033,0.034819,0.123955,0.082173,0.084958,0.023677,0.098886
Germany,2011-06,660,0.057743,0.060367,0.152231,0.070866,0.230971,0.102362,0.11811,0.028871,0.178478,0.090519,NONCONFORMING,0.094456,0.014374,0.022587,0.082136,0.014374,0.143737,0.057495,0.084189,0.016427,0.106776
Germany,2011-07,761,0.02907,0.081395,0.114341,0.085271,0.248062,0.098837,0.176357,0.017442,0.149225,0.093912,NONCONFORMING,0.125191,0.006107,0.044275,0.058015,0.030534,0.164885,0.064122,0.129771,0.00916,0.096183
Germany,2011-08,811,0.052158,0.073741,0.125899,0.088129,0.183453,0.106115,0.176259,0.021583,0.172662,0.086572,NONCONFORMING,0.099719,0.018258,0.044944,0.060393,0.033708,0.120787,0.039326,0.125,0.014045,0.103933
Germany,2011-09,781,0.032819,0.086873,0.140927,0.100386,0.15251,0.131274,0.15444,0.032819,0.167954,0.083503,NONCONFORMING,0.118619,0.009009,0.039039,0.063063,0.028529,0.091592,0.072072,0.117117,0.024024,0.082583
Germany,2011-10,1321,0.038947,0.070526,0.091579,0.103158,0.228421,0.108421,0.176842,0.028421,0.153684,0.094164,NONCONFORMING,0.094791,0.006832,0.043553,0.035013,0.025619,0.138343,0.065756,0.135781,0.020495,0.084543
Germany,2011-11,1101,0.039526,0.086957,0.086957,0.102767,0.197628,0.094862,0.172596,0.034256,0.184453,0.090115,NONCONFORMING,0.070119,0.009709,0.044229,0.036677,0.037756,0.122977,0.050701,0.130529,0.022654,0.098166
Germany,2011-12,323,0.033613,0.071429,0.088235,0.130252,0.226891,0.10084,0.159664,0.029412,0.159664,0.095672,NONCONFORMING,0.053191,0.007092,0.035461,0.021277,0.035461,0.148936,0.067376,0.131206,0.01773,0.085106
Greece,2009-12,41,0.0,0.0,0.041667,0.0,0.375,0.041667,0.375,0.0,0.166667,0.163053,NONCONFORMING,0.235294,0.0,0.0,0.029412,0.0,0.205882,0.0,0.264706,0.0,0.117647
Greece,2010-01,101,0.119403,0.059701,0.104478,0.044776,0.298507,0.059701,0.074627,0.014925,0.223881,0.092019,NONCONFORMING,0.144444,0.033333,0.033333,0.044444,0.022222,0.144444,0.044444,0.044444,0.0,0.066667
Greece,2010-03,23,0.105263,0.0,0.157895,0.157895,0.210526,0.0,0.263158,0.0,0.105263,0.10888,NONCONFORMING,0.045455,0.090909,0.0,0.090909,0.136364,0.045455,0.0,0.136364,0.0,0.0
Greece,2010-04,16,0.0,0.428571,0.0,0.0,0.214286,0.142857,0.214286,0.0,0.0,0.137731,NONCONFORMING,0.0,0.0,0.375,0.0,0.0,0.1875,0.125,0.1875,0.0,0.0
Greece,2010-05,53,0.173913,0.152174,0.195652,0.108696,0.173913,0.021739,0.043478,0.0,0.130435,0.058202,NONCONFORMING,0.037736,0.0,0.113208,0.09434,0.09434,0.132075,0.0,0.0,0.0,0.037736
Greece,2010-06,9,0.0,0.222222,0.0,0.111111,0.111111,0.111111,0.222222,0.111111,0.111111,0.09466,NONCONFORMING,0.0,0.0,0.222222,0.0,0.111111,0.0,0.111111,0.222222,0.111111,0.111111
Greece,2010-08,33,0.043478,0.086957,0.217391,0.043478,0.086957,0.0,0.304348,0.043478,0.173913,0.105498,NONCONFORMING,0.181818,0.0,0.060606,0.151515,0.030303,0.060606,0.0,0.121212,0.030303,0.090909
Greece,2010-09,9,0.375,0.0,0.5,0.0,0.0,0.0,0.125,0.0,0.0,0.114675,NONCONFORMING,0.0,0.0,0.0,0.444444,0.0,0.0,0.0,0.0,0.0,0.0
Greece,2010-10,191,0.014184,0.134752,0.042553,0.021277,0.340426,0.014184,0.283688,0.035461,0.113475,0.123257,NONCONFORMING,0.174157,0.005618,0.078652,0.022472,0.016854,0.247191,0.005618,0.224719,0.011236,0.073034
Greece,2010-11,38,0.04,0.0,0.12,0.12,0.48,0.0,0.0,0.04,0.2,0.128478,NONCONFORMING,0.034483,0.0,0.0,0.0,0.068966,0.275862,0.0,0.0,0.034483,0.137931
Greece,2011-01,33,0.185185,0.037037,0.296296,0.0,0.037037,0.0,0.37037,0.0,0.074074,0.113789,NONCONFORMING,0.090909,0.030303,0.030303,0.181818,0.0,0.0,0.0,0.060606,0.0,0.030303
Greece,2011-03,22,0.0,0.083333,0.0,0.333333,0.25,0.0,0.0,0.0,0.333333,0.154404,NONCONFORMING,0.117647,0.0,0.058824,0.0,0.117647,0.176471,0.0,0.0,0.0,0.235294
Greece,2011-04,31,0.0,0.111111,0.074074,0.111111,0.37037,0.0,0.296296,0.0,0.037037,0.120821,NONCONFORMING,0.1,0.0,0.1,0.033333,0.0,0.333333,0.0,0.266667,0.0,0.0
Greece,2011-07,27,0.153846,0.076923,0.0,0.153846,0.307692,0.0,0.076923,0.076923,0.153846,0.097386,NONCONFORMING,0.2,0.1,0.05,0.0,0.0,0.2,0.0,0.05,0.0,0.1
Greece,2011-12,36,0.0,0.1,0.033333,0.1,0.2,0.3,0.2,0.0,0.066667,0.115529,NONCONFORMING,0.0625,0.0,0.09375,0.03125,0.0625,0.1875,0.28125,0.1875,0.0,0.0
Hong Kong,2010-04,48,0.0,0.02381,0.119048,0.095238,0.261905,0.166667,0.02381,0.0,0.309524,0.12138,NONCONFORMING,0.06383,0.0,0.0,0.106383,0.021277,0.234043,0.06383,0.021277,0.0,0.212766
Hong Kong,2010-05,1,0.0,0.0,1.0,0.0,0.0,0.0,0.0,0.0,0.0,0.194458,NONCONFORMING,0.0,0.0,0.0,0.0,0.0,0.0,0.0,0.0,0.0,0.0
Hong Kong,2010-06,24,0.086957,0.086957,0.391304,0.043478,0.086957,0.0,0.0,0.0,0.304348,0.118385,NONCONFORMING,0.0,0.0,0.083333,0.208333,0.0,0.0,0.0,0.0,0.0,0.0
Hong Kong,2010-08,1,0.0,0.0,0.0,0.0,0.0,0.0,0.0,1.0,0.0,0.210855,NONCONFORMING,0.0,0.0,0.0,0.0,0.0,0.0,0.0,0.0,1.0,0.0
Hong Kong,2011-01,55,0.02381,0.119048,0.142857,0.02381,0.261905,0.142857,0.047619,0.02381,0.214286,0.098907,NONCONFORMING,0.019231,0.0,0.038462,0.0,0.0,0.134615,0.057692,0.019231,0.0,0.038462
Hong Kong,2011-03,1,0.0,0.0,0.0,0.0,1.0,0.0,0.0,0.0,0.0,0.204626,NONCONFORMING,0.0,0.0,0.0,0.0,0.0,0.0,0.0,0.0,0.0,0.0
Hong Kong,2011-04,32,0.0,0.090909,0.090909,0.0,0.227273,0.272727,0.136364,0.045455,0.136364,0.116189,NONCONFORMING,0.0,0.0,0.0625,0.0,0.0,0.0625,0.125,0.03125,0.0,0.0
Hong Kong,2011-05,93,0.053333,0.093333,0.266667,0.026667,0.133333,0.053333,0.213333,0.013333,0.146667,0.100474,NONCONFORMING,0.046512,0.034884,0.069767,0.139535,0.011628,0.081395,0.046512,0.104651,0.011628,0.081395
Hong Kong,2011-06,16,0.25,0.083333,0.083333,0.083333,0.166667,0.0,0.083333,0.0,0.25,0.07046,NONCONFORMING,0.0,0.0,0.0,0.0,0.0,0.0625,0.0,0.0625,0.0,0.0
Hong Kong,2011-08,50,0.083333,0.111111,0.055556,0.083333,0.055556,0.166667,0.055556,0.0,0.388889,0.098411,NONCONFORMING,0.08,0.04,0.06,0.0,0.02,0.0,0.02,0.0,0.0,0.08
Hong Kong,2011-09,1,0.0,0.0,0.0,0.0,0.0,1.0,0.0,0.0,0.0,0.207345,NONCONFORMING,0.0,0.0,0.0,0.0,0.0,0.0,0.0,0.0,0.0,0.0
Hong Kong,2011-10,34,0.04,0.04,0.16,0.12,0.28,0.04,0.2,0.04,0.08,0.096716,NONCONFORMING,0.034483,0.034483,0.034483,0.034483,0.068966,0.172414,0.034483,0.172414,0.0,0.034483
Hong Kong,2011-11,1,0.0,1.0,0.0,0.0,0.0,0.0,0.0,0.0,0.0,0.183091,NONCONFORMING,0.0,0.0,0.0,0.0,0.0,0.0,0.0,0.0,0.0,0.0
Iceland,2010-10,42,0.037037,0.111111,0.222222,0.0,0.148148,0.037037,0.37037,0.037037,0.037037,0.106362,NONCONFORMING,0.236842,0.026316,0.078947,0.131579,0.0,0.078947,0.0,0.236842,0.0,0.026316
Iceland,2010-12,31,0.0,0.166667,0.033333,0.033333,0.533333,0.0,0.133333,0.0,0.1,0.129719,NONCONFORMING,0.0,0.0,0.032258,0.0,0.032258,0.387097,0.0,0.096774,0.0,0.064516
Iceland,2011-01,29,0.0,0.173913,0.173913,0.0,0.304348,0.0,0.217391,0.043478,0.086957,0.105498,NONCONFORMING,0.038462,0.0,0.153846,0.153846,0.0,0.192308,0.0,0.192308,0.0,0.076923
Iceland,2011-04,24,0.055556,0.0,0.111111,0.055556,0.111111,0.0,0.444444,0.111111,0.111111,0.120821,NONCONFORMING,0.136364,0.045455,0.0,0.045455,0.0,0.090909,0.0,0.363636,0.045455,0.090909
Iceland,2011-06,19,0.0,0.0,0.230769,0.153846,0.153846,0.076923,0.076923,0.0,0.307692,0.117394,NONCONFORMING,0.157895,0.0,0.0,0.105263,0.0,0.105263,0.052632,0.052632,0.0,0.210526
Iceland,2011-08,22,0.0,0.055556,0.444444,0.055556,0.0,0.055556,0.333333,0.055556,0.0,0.133167,NONCONFORMING,0.047619,0.0,0.047619,0.333333,0.0,0.0,0.0,0.238095,0.0,0.0
Iceland,2011-10,50,0.027027,0.027027,0.243243,0.135135,0.27027,0.054054,0.054054,0.054054,0.135135,0.097755,NONCONFORMING,0.043478,0.021739,0.021739,0.108696,0.0,0.086957,0.0,0.021739,0.021739,0.086957
Iceland,2011-12,12,0.0,0.333333,0.333333,0.0,0.0,0.0,0.166667,0.0,0.166667,0.132271,NONCONFORMING,0.0,0.0,0.111111,0.111111,0.0,0.0,0.0,0.111111,0.0,0.0
Israel,2010-07,45,0.035714,0.071429,0.107143,0.035714,0.285714,0.071429,0.178571,0.071429,0.142857,0.099771,NONCONFORMING,0.119048,0.0,0.02381,0.047619,0.0,0.071429,0.0,0.071429,0.02381,0.047619
Israel,2010-11,32,0.074074,0.37037,0.037037,0.0,0.296296,0.074074,0.037037,0.037037,0.074074,0.099298,NONCONFORMING,0.0,0.0,0.3125,0.03125,0.0,0.125,0.0625,0.0,0.03125,0.03125
Israel,2011-01,14,0.090909,0.0,0.090909,0.0,0.272727,0.090909,0.272727,0.0,0.181818,0.12629,NONCONFORMING,0.0,0.0,0.0,0.071429,0.0,0.214286,0.0,0.071429,0.0,0.0
Israel,2011-02,19,0.285714,0.071429,0.142857,0.214286,0.071429,0.071429,0.071429,0.0,0.071429,0.039752,NONCONFORMING,0.0,0.125,0.0625,0.0,0.0,0.0,0.0,0.0625,0.0,0.0625
Israel,2011-04,6,0.0,0.0,0.0,0.0,0.333333,0.333333,0.166667,0.0,0.166667,0.166694,NONCONFORMING,0.0,0.0,0.0,0.0,0.0,0.166667,0.333333,0.166667,0.0,0.166667
Israel,2011-07,28,0.105263,0.0,0.157895,0.052632,0.105263,0.0,0.157895,0.105263,0.315789,0.107352,NONCONFORMING,0.0,0.038462,0.0,0.0,0.0,0.038462,0.0,0.076923,0.076923,0.076923
Israel,2011-08,172,0.067308,0.067308,0.201923,0.067308,0.211538,0.057692,0.125,0.019231,0.182692,0.091841,NONCONFORMING,0.122581,0.0,0.032258,0.083871,0.012903,0.096774,0.025806,0.077419,0.012903,0.03871
Israel,2011-09,29,0.076923,0.153846,0.0,0.230769,0.076923,0.076923,0.0,0.076923,0.307692,0.095898,NONCONFORMING,0.0,0.066667,0.133333,0.0,0.066667,0.0,0.066667,0.0,0.066667,0.066667
Israel,2011-10,31,0.0,0.0,0.0,1.0,0.0,0.0,0.0,0.0,0.0,0.200687,NONCONFORMING,0.5,0.0,0.0,0.0,0.0,0.0,0.0,0.0,0.0,0.0
Italy,2009-12,19,0.071429,0.142857,0.071429,0.142857,0.142857,0.071429,0.0,0.0,0.357143,0.094553,NONCONFORMING,0.0,0.0,0.117647,0.058824,0.117647,0.117647,0.058824,0.0,0.0,0.058824
Italy,2010-01,1,0.0,0.0,0.0,0.0,0.0,0.0,0.0,0.0,1.0,0.212054,NONCONFORMING,0.0,0.0,0.0,0.0,0.0,0.0,0.0,0.0,0.0,0.0
Italy,2010-03,46,0.0,0.090909,0.090909,0.0,0.5,0.090909,0.227273,0.0,0.0,0.136458,NONCONFORMING,0.324324,0.0,0.054054,0.054054,0.0,0.216216,0.054054,0.135135,0.0,0.0
Italy,2010-04,65,0.085106,0.06383,0.06383,0.06383,0.234043,0.106383,0.06383,0.0,0.319149,0.105228,NONCONFORMING,0.114754,0.016393,0.032787,0.016393,0.04918,0.163934,0.081967,0.04918,0.0,0.131148
Italy,2010-05,161,0.12069,0.155172,0.137931,0.103448,0.258621,0.017241,0.12069,0.017241,0.068966,0.063306,NONCONFORMING,0.057971,0.028986,0.086957,0.101449,0.057971,0.173913,0.0,0.101449,0.0,0.043478
Italy,2010-06,16,0.076923,0.153846,0.076923,0.0,0.153846,0.153846,0.153846,0.0,0.230769,0.098318,NONCONFORMING,0.133333,0.066667,0.133333,0.0,0.0,0.066667,0.133333,0.133333,0.0,0.2
Italy,2010-09,49,0.192308,0.115385,0.038462,0.076923,0.115385,0.0,0.192308,0.0,0.269231,0.087554,NONCONFORMING,0.183673,0.020408,0.0,0.0,0.040816,0.040816,0.0,0.102041,0.0,0.061224
Italy,2010-10,247,0.035354,0.075758,0.106061,0.040404,0.277778,0.055556,0.257576,0.010101,0.141414,0.109742,NONCONFORMING,0.105932,0.025424,0.042373,0.063559,0.021186,0.152542,0.04661,0.186441,0.0,0.09322
Italy,2010-11,95,0.108108,0.121622,0.027027,0.067568,0.283784,0.013514,0.216216,0.040541,0.121622,0.097487,NONCONFORMING,0.095745,0.021277,0.085106,0.0,0.010638,0.085106,0.010638,0.170213,0.010638,0.074468
Italy,2010-12,40,0.054054,0.054054,0.162162,0.027027,0.243243,0.027027,0.405405,0.0,0.027027,0.121933,NONCONFORMING,0.026316,0.052632,0.026316,0.105263,0.026316,0.131579,0.0,0.394737,0.0,0.026316
Italy,2011-01,109,0.050633,0.088608,0.126582,0.101266,0.316456,0.050633,0.151899,0.0,0.113924,0.090077,NONCONFORMING,0.132075,0.009434,0.066038,0.009434,0.056604,0.169811,0.018868,0.113208,0.0,0.04717
Italy,2011-02,13,0.230769,0.0,0.0,0.0,0.384615,0.0,0.0,0.076923,0.307692,0.131809,NONCONFORMING,0.0,0.0,0.0,0.0,0.0,0.307692,0.0,0.0,0.0,0.307692
Italy,2011-03,84,0.059701,0.014925,0.074627,0.014925,0.298507,0.119403,0.089552,0.104478,0.223881,0.118842,NONCONFORMING,0.041096,0.0,0.0,0.0,0.0,0.136986,0.109589,0.082192,0.082192,0.109589
Italy,2011-04,22,0.3125,0.0,0.1875,0.125,0.0625,0.0,0.1875,0.0,0.125,0.069083,NONCONFORMING,0.0,0.0,0.0,0.0,0.045455,0.0,0.0,0.090909,0.0,0.090909
Italy,2011-05,23,0.277778,0.111111,0.055556,0.0,0.111111,0.111111,0.277778,0.055556,0.0,0.066729,NONCONFORMING,0.0,0.0,0.086957,0.0,0.0,0.043478,0.0,0.217391,0.043478,0.0
Italy,2011-06,10,0.0,0.111111,0.111111,0.0,0.444444,0.111111,0.222222,0.0,0.0,0.12748,NONCONFORMING,0.0,0.0,0.0,0.0,0.0,0.444444,0.111111,0.222222,0.0,0.0
Italy,2011-07,6,0.0,0.0,0.166667,0.333333,0.0,0.0,0.333333,0.0,0.166667,0.149867,NONCONFORMING,0.0,0.0,0.0,0.0,0.166667,0.0,0.0,0.333333,0.0,0.166667
Italy,2011-08,96,0.042857,0.1,0.085714,0.114286,0.285714,0.1,0.128571,0.0,0.142857,0.094365,NONCONFORMING,0.136364,0.011364,0.079545,0.022727,0.068182,0.193182,0.034091,0.102273,0.0,0.079545
Italy,2011-09,15,0.0,0.133333,0.0,0.133333,0.133333,0.333333,0.2,0.0,0.066667,0.115529,NONCONFORMING,0.0,0.0,0.066667,0.0,0.066667,0.066667,0.333333,0.2,0.0,0.066667
Italy,2011-10,164,0.059259,0.140741,0.103704,0.074074,0.214815,0.051852,0.177778,0.014815,0.162963,0.082806,NONCONFORMING,0.096774,0.0,0.090323,0.025806,0.051613,0.122581,0.045161,0.154839,0.006452,0.083871
Italy,2011-11,178,0.02069,0.089655,0.096552,0.075862,0.227586,0.068966,0.186207,0.013793,0.22069,0.100794,NONCONFORMING,0.053571,0.005952,0.059524,0.02381,0.041667,0.107143,0.053571,0.14881,0.005952,0.130952
Italy,2011-12,9,0.0,0.0,0.222222,0.111111,0.0,0.333333,0.333333,0.0,0.0,0.145158,NONCONFORMING,0.0,0.0,0.0,0.0,0.0,0.0,0.333333,0.333333,0.0,0.0
Japan,2010-01,1,0.0,0.0,0.0,0.0,0.0,0.0,0.0,0.0,0.0,0.111111,NONCONFORMING,0.0,0.0,0.0,0.0,0.0,0.0,0.0,0.0,0.0,0.0
Japan,2010-02,29,0.0,0.0,0.75,0.0,0.0,0.0,0.125,0.125,0.0,0.170204,NONCONFORMING,0.090909,0.0,0.0,0.545455,0.0,0.0,0.0,0.0,0.0,0.0
Japan,2010-03,4,0.0,0.0,0.0,0.0,0.5,0.0,0.0,0.0,0.5,0.194458,NONCONFORMING,0.0,0.0,0.0,0.0,0.0,0.0,0.0,0.0,0.0,0.5
Japan,2010-06,38,0.083333,0.25,0.0,0.041667,0.375,0.083333,0.083333,0.0,0.083333,0.099785,NONCONFORMING,0.189189,0.027027,0.162162,0.0,0.027027,0.243243,0.054054,0.054054,0.0,0.054054
Japan,2010-07,32,0.0,0.0,0.105263,0.0,0.105263,0.0,0.0,0.0,0.789474,0.171066,NONCONFORMING,0.0,0.0,0.0,0.086957,0.0,0.0,0.0,0.0,0.0,0.0
Japan,2010-09,16,0.090909,0.363636,0.181818,0.181818,0.181818,0.0,0.0,0.0,0.0,0.095993,NONCONFORMING,0.3125,0.0,0.125,0.125,0.125,0.125,0.0,0.0,0.0,0.0
Japan,2010-10,23,0.0,0.125,0.125,0.0,0.0,0.0,0.0,0.25,0.5,0.145145,NONCONFORMING,0.25,0.0,0.0,0.083333,0.0,0.0,0.0,0.0,0.083333,0.0
Japan,2010-11,3,0.0,0.0,0.0,1.0,0.0,0.0,0.0,0.0,0.0,0.200687,NONCONFORMING,0.0,0.0,0.0,0.0,1.0,0.0,0.0,0.0,0.0,0.0
Japan,2010-12,65,0.102564,0.179487,0.051282,0.153846,0.205128,0.0,0.102564,0.025641,0.179487,0.081018,NONCONFORMING,0.133333,0.016667,0.083333,0.0,0.016667,0.033333,0.0,0.0,0.0,0.0
Japan,2011-02,70,0.117647,0.264706,0.147059,0.058824,0.176471,0.0,0.088235,0.058824,0.088235,0.064093,NONCONFORMING,0.183673,0.020408,0.122449,0.061224,0.040816,0.061224,0.0,0.0,0.040816,0.020408
Japan,2011-03,9,0.0,0.0,0.0,0.0,1.0,0.0,0.0,0.0,0.0,0.204626,NONCONFORMING,0.0,0.0,0.0,0.0,0.0,1.0,0.0,0.0,0.0,0.0
Japan,2011-04,47,0.151515,0.30303,0.060606,0.030303,0.151515,0.030303,0.181818,0.030303,0.060606,0.0751,NONCONFORMING,0.12766,0.021277,0.06383,0.0,0.021277,0.06383,0.0,0.085106,0.021277,0.0
Japan,2011-05,13,0.166667,0.5,0.0,0.0,0.0,0.0,0.083333,0.0,0.25,0.122999,NONCONFORMING,0.076923,0.0,0.153846,0.0,0.0,0.0,0.0,0.076923,0.0,0.0
Japan,2011-06,6,0.4,0.0,0.0,0.2,0.2,0.0,0.0,0.0,0.2,0.106027,NONCONFORMING,0.0,0.0,0.0,0.0,0.0,0.166667,0.0,0.0,0.0,0.0
Japan,2011-07,40,0.066667,0.2,0.066667,0.033333,0.1,0.066667,0.133333,0.233333,0.1,0.079221,NONCONFORMING,0.05,0.025,0.1,0.05,0.025,0.025,0.025,0.0,0.125,0.0
Japan,2011-09,4,1.0,0.0,0.0,0.0,0.0,0.0,0.0,0.0,0.0,0.155327,NONCONFORMING,0.25,0.0,0.0,0.0,0.0,0.0,0.0,0.0,0.0,0.0
Japan,2011-10,16,0.083333,0.0,0.25,0.0,0.166667,0.0,0.333333,0.0,0.166667,0.135288,NONCONFORMING,0.2,0.0,0.0,0.2,0.0,0.133333,0.0,0.266667,0.0,0.133333
Japan,2011-11,35,0.076923,0.076923,0.038462,0.038462,0.115385,0.192308,0.038462,0.192308,0.230769,0.108385,NONCONFORMING,0.085714,0.0,0.057143,0.028571,0.0,0.057143,0.028571,0.0,0.142857,0.057143
Korea,2010-09,10,0.0,0.0,0.0,0.0,0.222222,0.0,0.444444,0.222222,0.111111,0.170204,NONCONFORMING,0.1,0.0,0.0,0.0,0.0,0.2,0.0,0.4,0.2,0.1
Korea,2010-11,44,0.066667,0.2,0.066667,0.033333,0.1,0.2,0.266667,0.0,0.066667,0.090526,NONCONFORMING,0.139535,0.0,0.023256,0.023256,0.023256,0.069767,0.116279,0.186047,0.0,0.023256
Lebanon,2010-09,12,0.0,0.0,0.0,0.3,0.1,0.2,0.1,0.0,0.3,0.145158,NONCONFORMING,0.166667,0.0,0.0,0.0,0.25,0.083333,0.166667,0.083333,0.0,0.166667
Lebanon,2011-01,46,0.146341,0.073171,0.02439,0.02439,0.292683,0.02439,0.170732,0.0,0.243902,0.11653,NONCONFORMING,0.065217,0.0,0.043478,0.021739,0.0,0.152174,0.021739,0.130435,0.0,0.021739
Lithuania,2010-07,79,0.054545,0.127273,0.145455,0.036364,0.327273,0.036364,0.090909,0.018182,0.163636,0.093201,NONCONFORMING,0.179487,0.0,0.064103,0.089744,0.0,0.102564,0.0,0.051282,0.012821,0.076923
Lithuania,2010-11,43,0.027778,0.027778,0.25,0.111111,0.166667,0.111111,0.027778,0.027778,0.25,0.10559,NONCONFORMING,0.046512,0.0,0.023256,0.046512,0.0,0.0,0.046512,0.023256,0.0,0.069767
Lithuania,2010-12,36,0.133333,0.033333,0.066667,0.0,0.3,0.033333,0.0,0.033333,0.4,0.127792,NONCONFORMING,0.0,0.0,0.027778,0.027778,0.0,0.055556,0.0,0.0,0.0,0.166667
Malta,2010-02,48,0.090909,0.121212,0.272727,0.0,0.272727,0.0,0.212121,0.0,0.030303,0.110103,NONCONFORMING,0.054054,0.0,0.054054,0.243243,0.0,0.216216,0.0,0.162162,0.0,0.027027
Malta,2010-08,128,0.034483,0.114943,0.045977,0.103448,0.298851,0.011494,0.229885,0.011494,0.149425,0.111504,NONCONFORMING,0.172727,0.027273,0.072727,0.027273,0.063636,0.2,0.009091,0.181818,0.009091,0.109091
Malta,2011-06,45,0.028571,0.057143,0.057143,0.028571,0.285714,0.057143,0.285714,0.0,0.2,0.130777,NONCONFORMING,0.0,0.027027,0.054054,0.027027,0.027027,0.243243,0.027027,0.27027,0.0,0.189189
Malta,2011-08,57,0.042553,0.021277,0.042553,0.12766,0.170213,0.106383,0.276596,0.0,0.212766,0.121518,NONCONFORMING,0.09434,0.018868,0.018868,0.0,0.09434,0.132075,0.075472,0.245283,0.0,0.113208
Malta,2011-11,13,0.0,0.166667,0.0,0.0,0.25,0.0,0.083333,0.083333,0.416667,0.133167,NONCONFORMING,0.0,0.0,0.153846,0.0,0.0,0.0,0.0,0.076923,0.076923,0.307692
Netherlands,2009-12,146,0.091954,0.114943,0.08046,0.091954,0.183908,0.126437,0.172414,0.045977,0.091954,0.072186,NONCONFORMING,0.054545,0.009091,0.027273,0.027273,0.009091,0.109091,0.018182,0.081818,0.018182,0.045455
Netherlands,2010-01,152,0.152381,0.180952,0.095238,0.114286,0.142857,0.095238,0.057143,0.07619,0.085714,0.039822,NONCONFORMING,0.114865,0.006757,0.040541,0.02027,0.02027,0.040541,0.027027,0.02027,0.047297,0.013514
Netherlands,2010-02,97,0.095238,0.15873,0.095238,0.126984,0.190476,0.031746,0.126984,0.095238,0.079365,0.064012,NONCONFORMING,0.039474,0.0,0.065789,0.026316,0.078947,0.092105,0.0,0.026316,0.039474,0.013158
Netherlands,2010-03,188,0.141791,0.156716,0.149254,0.089552,0.156716,0.126866,0.037313,0.104478,0.037313,0.047799,NONCONFORMING,0.122995,0.02139,0.053476,0.069519,0.037433,0.064171,0.048128,0.010695,0.016043,0.016043
Netherlands,2010-04,182,0.034783,0.104348,0.173913,0.078261,0.269565,0.043478,0.113043,0.017391,0.165217,0.091971,NONCONFORMING,0.123457,0.018519,0.024691,0.092593,0.037037,0.17284,0.012346,0.074074,0.006173,0.067901
Netherlands,2010-05,291,0.093023,0.190698,0.130233,0.088372,0.15814,0.07907,0.093023,0.051163,0.116279,0.048121,NONCONFORMING,0.080586,0.010989,0.058608,0.065934,0.03663,0.10989,0.032967,0.065934,0.0,0.021978
Netherlands,2010-06,215,0.081301,0.195122,0.121951,0.089431,0.154472,0.162602,0.073171,0.04878,0.073171,0.051682,NONCONFORMING,0.071429,0.0,0.089286,0.041667,0.041667,0.065476,0.095238,0.029762,0.005952,0.029762
Netherlands,2010-07,177,0.094595,0.054054,0.135135,0.054054,0.216216,0.054054,0.108108,0.067568,0.216216,0.085382,NONCONFORMING,0.205128,0.025641,0.025641,0.051282,0.008547,0.059829,0.034188,0.059829,0.017094,0.034188
Netherlands,2010-08,271,0.12426,0.094675,0.183432,0.088757,0.183432,0.071006,0.094675,0.053254,0.106509,0.059186,NONCONFORMING,0.210526,0.016194,0.036437,0.064777,0.032389,0.064777,0.02834,0.040486,0.012146,0.036437
Netherlands,2010-09,398,0.113139,0.109489,0.153285,0.109489,0.215328,0.094891,0.091241,0.051095,0.062044,0.056567,NONCONFORMING,0.120112,0.00838,0.03352,0.055866,0.047486,0.103352,0.058659,0.055866,0.01676,0.022346
Netherlands,2010-10,166,0.106061,0.121212,0.151515,0.022727,0.265152,0.113636,0.083333,0.060606,0.075758,0.072007,NONCONFORMING,0.128049,0.018293,0.036585,0.085366,0.018293,0.146341,0.060976,0.030488,0.02439,0.036585
Netherlands,2010-11,461,0.102273,0.140152,0.170455,0.060606,0.189394,0.060606,0.159091,0.041667,0.075758,0.06374,NONCONFORMING,0.109827,0.020231,0.060694,0.069364,0.017341,0.086705,0.023121,0.075145,0.020231,0.028902
Netherlands,2010-12,75,0.117647,0.156863,0.019608,0.176471,0.235294,0.078431,0.039216,0.137255,0.039216,0.074058,NONCONFORMING,0.033333,0.0,0.116667,0.016667,0.05,0.083333,0.066667,0.016667,0.016667,0.0
Netherlands,2011-01,232,0.16092,0.132184,0.143678,0.097701,0.201149,0.08046,0.063218,0.04023,0.08046,0.04332,NONCONFORMING,0.079295,0.008811,0.044053,0.088106,0.017621,0.061674,0.035242,0.022026,0.008811,0.004405
Netherlands,2011-02,189,0.111111,0.1875,0.097222,0.0625,0.166667,0.118056,0.048611,0.048611,0.159722,0.05866,NONCONFORMING,0.112299,0.010695,0.085561,0.048128,0.026738,0.032086,0.048128,0.016043,0.02139,0.005348
Netherlands,2011-03,193,0.066667,0.173333,0.173333,0.073333,0.173333,0.133333,0.086667,0.04,0.08,0.060411,NONCONFORMING,0.131579,0.021053,0.073684,0.094737,0.047368,0.073684,0.057895,0.031579,0.026316,0.0
Netherlands,2011-04,24,0.0,0.3125,0.125,0.125,0.0625,0.3125,0.0,0.0,0.0625,0.094857,NONCONFORMING,0.217391,0.0,0.130435,0.043478,0.043478,0.043478,0.217391,0.0,0.0,0.0
Netherlands,2011-05,220,0.077778,0.133333,0.083333,0.077778,0.144444,0.083333,0.172222,0.033333,0.194444,0.076571,NONCONFORMING,0.069444,0.013889,0.037037,0.041667,0.046296,0.064815,0.037037,0.083333,0.018519,0.037037
Netherlands,2011-06,316,0.119617,0.138756,0.114833,0.114833,0.181818,0.08134,0.133971,0.023923,0.090909,0.056908,NONCONFORMING,0.076046,0.007605,0.038023,0.068441,0.08365,0.064639,0.045627,0.087452,0.011407,0.022814
Netherlands,2011-07,6,0.0,0.0,0.0,0.0,1.0,0.0,0.0,0.0,0.0,0.204626,NONCONFORMING,0.0,0.0,0.0,0.0,0.0,1.0,0.0,0.0,0.0,0.0
Netherlands,2011-08,279,0.169725,0.133028,0.119266,0.12844,0.155963,0.036697,0.091743,0.050459,0.114679,0.046886,NONCONFORMING,0.077206,0.025735,0.040441,0.058824,0.077206,0.047794,0.0,0.047794,0.018382,0.011029
Netherlands,2011-09,251,0.121212,0.116162,0.126263,0.09596,0.121212,0.090909,0.126263,0.070707,0.131313,0.053488,NONCONFORMING,0.052846,0.01626,0.044715,0.052846,0.044715,0.04878,0.03252,0.089431,0.036585,0.02439
Netherlands,2011-10,276,0.110048,0.15311,0.143541,0.095694,0.15311,0.057416,0.090909,0.047847,0.148325,0.05067,NONCONFORMING,0.096,0.028,0.092,0.06,0.052,0.06,0.02,0.032,0.028,0.032
Netherlands,2011-11,218,0.077419,0.096774,0.148387,0.16129,0.109677,0.103226,0.116129,0.096774,0.090323,0.067317,NONCONFORMING,0.06044,0.010989,0.049451,0.10989,0.082418,0.06044,0.010989,0.049451,0.038462,0.016484
Netherlands,2011-12,88,0.098592,0.15493,0.028169,0.140845,0.126761,0.056338,0.112676,0.084507,0.197183,0.073551,NONCONFORMING,0.057471,0.0,0.08046,0.011494,0.045977,0.022989,0.0,0.022989,0.045977,0.011494
Nigeria,2010-01,1,0.0,0.0,0.0,0.0,0.0,0.0,1.0,0.0,0.0,0.209335,NONCONFORMING,0.0,0.0,0.0,0.0,0.0,0.0,0.0,0.0,0.0,0.0
Nigeria,2010-08,25,0.0,0.0,1.0,0.0,0.0,0.0,0.0,0.0,0.0,0.194458,NONCONFORMING,0.666667,0.0,0.0,0.333333,0.0,0.0,0.0,0.0,0.0,0.0
Norway,2009-12,21,0.0625,0.125,0.0625,0.0,0.375,0.0,0.1875,0.0625,0.125,0.114648,NONCONFORMING,0.105263,0.0,0.105263,0.052632,0.0,0.263158,0.0,0.157895,0.0,0.105263
Norway,2010-03,2,0.0,0.0,0.0,0.0,0.0,0.0,0.0,0.0,1.0,0.212054,NONCONFORMING,0.0,0.0,0.0,0.0,0.0,0.0,0.0,0.0,0.0,0.0
Norway,2010-08,8,0.0,0.0,0.0,0.0,0.0,0.5,0.333333,0.0,0.166667,0.18429,NONCONFORMING,0.0,0.0,0.0,0.0,0.0,0.0,0.166667,0.166667,0.0,0.0
Norway,2010-09,53,0.083333,0.027778,0.166667,0.138889,0.333333,0.0,0.111111,0.0,0.138889,0.10758,NONCONFORMING,0.045455,0.022727,0.0,0.113636,0.113636,0.227273,0.0,0.090909,0.0,0.113636
Norway,2010-11,140,0.021053,0.094737,0.084211,0.084211,0.315789,0.094737,0.136842,0.0,0.168421,0.103536,NONCONFORMING,0.070312,0.007812,0.054688,0.046875,0.007812,0.117188,0.0,0.078125,0.0,0.039062
Norway,2010-12,148,0.088889,0.011111,0.311111,0.022222,0.3,0.022222,0.055556,0.0,0.188889,0.12225,NONCONFORMING,0.178571,0.0,0.0,0.185714,0.0,0.092857,0.014286,0.035714,0.0,0.0
Norway,2011-02,33,0.0,0.0,0.071429,0.0,0.321429,0.0,0.357143,0.035714,0.214286,0.157762,NONCONFORMING,0.0625,0.0,0.0,0.0,0.0,0.15625,0.0,0.3125,0.0,0.15625
Norway,2011-03,23,0.0,0.0,0.0,0.190476,0.142857,0.0,0.428571,0.095238,0.142857,0.148668,NONCONFORMING,0.0,0.0,0.0,0.0,0.130435,0.086957,0.0,0.347826,0.043478,0.130435
Norway,2011-06,166,0.066176,0.036765,0.139706,0.088235,0.301471,0.022059,0.132353,0.036765,0.176471,0.098251,NONCONFORMING,0.031447,0.031447,0.031447,0.069182,0.012579,0.194969,0.018868,0.09434,0.025157,0.056604
Norway,2011-07,49,0.0,0.16129,0.129032,0.096774,0.225806,0.096774,0.129032,0.0,0.16129,0.081582,NONCONFORMING,0.155556,0.0,0.111111,0.022222,0.044444,0.133333,0.066667,0.088889,0.0,0.111111
Norway,2011-08,78,0.044118,0.088235,0.191176,0.102941,0.220588,0.044118,0.132353,0.014706,0.161765,0.089788,NONCONFORMING,0.039474,0.0,0.065789,0.065789,0.065789,0.184211,0.026316,0.118421,0.0,0.144737
Norway,2011-09,208,0.073171,0.054878,0.134146,0.091463,0.219512,0.030488,0.134146,0.036585,0.22561,0.090121,NONCONFORMING,0.050505,0.005051,0.030303,0.080808,0.035354,0.141414,0.020202,0.080808,0.015152,0.045455
Norway,2011-10,120,0.060976,0.085366,0.121951,0.146341,0.231707,0.02439,0.146341,0.012195,0.170732,0.092285,NONCONFORMING,0.107843,0.009804,0.04902,0.019608,0.04902,0.107843,0.009804,0.098039,0.0,0.088235
Norway,2011-11,184,0.040816,0.081633,0.054422,0.102041,0.238095,0.054422,0.129252,0.07483,0.22449,0.09727,NONCONFORMING,0.061798,0.011236,0.033708,0.016854,0.02809,0.140449,0.02809,0.095506,0.005618,0.073034
Norway,2011-12,75,0.033898,0.118644,0.084746,0.135593,0.152542,0.101695,0.050847,0.118644,0.20339,0.082648,NONCONFORMING,0.042254,0.0,0.042254,0.056338,0.0,0.070423,0.042254,0.028169,0.0,0.028169
Poland,2009-12,22,0.133333,0.0,0.066667,0.0,0.4,0.0,0.2,0.0,0.2,0.137127,NONCONFORMING,0.055556,0.111111,0.0,0.055556,0.0,0.222222,0.0,0.166667,0.0,0.166667
Poland,2010-03,15,0.0,0.071429,0.142857,0.0,0.285714,0.071429,0.214286,0.0,0.214286,0.123057,NONCONFORMING,0.0,0.0,0.066667,0.066667,0.0,0.2,0.0,0.2,0.0,0.2
Poland,2010-06,25,0.043478,0.043478,0.086957,0.043478,0.173913,0.0,0.304348,0.086957,0.217391,0.121895,NONCONFORMING,0.04,0.04,0.04,0.0,0.04,0.04,0.0,0.28,0.08,0.16
Poland,2010-07,21,0.0,0.25,0.125,0.125,0.1875,0.0,0.0625,0.0,0.25,0.09314,NONCONFORMING,0.055556,0.0,0.222222,0.055556,0.111111,0.166667,0.0,0.055556,0.0,0.222222
Poland,2010-08,22,0.0,0.0,0.066667,0.066667,0.266667,0.2,0.333333,0.0,0.066667,0.137064,NONCONFORMING,0.0,0.0,0.0,0.0,0.05,0.1,0.0,0.25,0.0,0.05
Poland,2010-09,18,0.0,0.333333,0.066667,0.0,0.266667,0.133333,0.133333,0.0,0.066667,0.112748,NONCONFORMING,0.0,0.0,0.25,0.0625,0.0,0.1875,0.0,0.125,0.0,0.0625
Poland,2010-11,52,0.0,0.166667,0.055556,0.0,0.333333,0.027778,0.333333,0.027778,0.055556,0.119843,NONCONFORMING,0.215686,0.0,0.117647,0.039216,0.0,0.196078,0.019608,0.235294,0.019608,0.039216
Poland,2010-12,8,0.333333,0.0,0.0,0.166667,0.166667,0.0,0.333333,0.0,0.0,0.103308,NONCONFORMING,0.0,0.125,0.0,0.0,0.0,0.0,0.0,0.25,0.0,0.0
Poland,2011-01,25,0.0,0.173913,0.043478,0.043478,0.26087,0.043478,0.304348,0.043478,0.086957,0.104276,NONCONFORMING,0.041667,0.0,0.125,0.0,0.041667,0.166667,0.0,0.291667,0.0,0.041667
Poland,2011-02,29,0.043478,0.173913,0.043478,0.043478,0.478261,0.043478,0.043478,0.0,0.130435,0.107502,NONCONFORMING,0.08,0.04,0.12,0.0,0.04,0.36,0.04,0.04,0.0,0.08
Poland,2011-03,9,0.142857,0.0,0.0,0.142857,0.571429,0.0,0.0,0.0,0.142857,0.141177,NONCONFORMING,0.0,0.0,0.0,0.0,0.0,0.0,0.0,0.0,0.0,0.111111
Poland,2011-04,26,0.0,0.1,0.05,0.05,0.2,0.1,0.3,0.0,0.2,0.12225,NONCONFORMING,0.0,0.0,0.038462,0.0,0.0,0.038462,0.0,0.230769,0.0,0.038462
Poland,2011-05,72,0.052632,0.140351,0.017544,0.087719,0.298246,0.0,0.192982,0.0,0.210526,0.115294,NONCONFORMING,0.030303,0.015152,0.121212,0.015152,0.045455,0.151515,0.0,0.136364,0.0,0.121212
Poland,2011-06,16,0.0,0.166667,0.0,0.0,0.333333,0.083333,0.25,0.0,0.166667,0.129657,NONCONFORMING,0.071429,0.0,0.142857,0.0,0.0,0.142857,0.071429,0.214286,0.0,0.071429
Poland,2011-07,34,0.071429,0.071429,0.035714,0.071429,0.25,0.035714,0.214286,0.0,0.25,0.118079,NONCONFORMING,0.033333,0.033333,0.066667,0.0,0.033333,0.066667,0.033333,0.2,0.0,0.166667
Poland,2011-08,17,0.0,0.0,0.083333,0.166667,0.333333,0.166667,0.25,0.0,0.0,0.136808,NONCONFORMING,0.176471,0.0,0.0,0.0,0.0,0.176471,0.117647,0.176471,0.0,0.0
Poland,2011-09,30,0.083333,0.0,0.041667,0.125,0.333333,0.125,0.208333,0.041667,0.041667,0.10903,NONCONFORMING,0.071429,0.035714,0.0,0.0,0.035714,0.285714,0.107143,0.178571,0.035714,0.035714
Poland,2011-11,73,0.035088,0.087719,0.017544,0.105263,0.245614,0.035088,0.210526,0.070175,0.192982,0.109682,NONCONFORMING,0.060606,0.015152,0.045455,0.015152,0.045455,0.151515,0.015152,0.181818,0.045455,0.151515
Portugal,2009-12,102,0.058824,0.070588,0.070588,0.105882,0.235294,0.070588,0.211765,0.047059,0.129412,0.090256,NONCONFORMING,0.068627,0.0,0.019608,0.058824,0.058824,0.107843,0.019608,0.147059,0.0,0.039216
Portugal,2010-01,1,1.0,0.0,0.0,0.0,0.0,0.0,0.0,0.0,0.0,0.155327,NONCONFORMING,0.0,1.0,0.0,0.0,0.0,0.0,0.0,0.0,0.0,0.0
Portugal,2010-02,28,0.15,0.05,0.1,0.05,0.35,0.05,0.2,0.05,0.0,0.091739,NONCONFORMING,0.192308,0.115385,0.038462,0.0,0.038462,0.269231,0.0,0.153846,0.0,0.0
Portugal,2010-03,98,0.12987,0.064935,0.090909,0.116883,0.272727,0.012987,0.12987,0.064935,0.116883,0.08229,NONCONFORMING,0.085106,0.021277,0.042553,0.06383,0.053191,0.138298,0.010638,0.085106,0.0,0.021277
Portugal,2010-04,2,0.0,0.0,0.0,0.0,0.0,0.0,0.5,0.5,0.0,0.197968,NONCONFORMING,0.0,0.0,0.0,0.0,0.0,0.0,0.0,0.0,0.0,0.0
Portugal,2010-05,27,0.0,0.166667,0.0,0.041667,0.333333,0.041667,0.208333,0.0,0.208333,0.126016,NONCONFORMING,0.0,0.0,0.083333,0.0,0.041667,0.166667,0.041667,0.166667,0.0,0.166667
Portugal,2010-06,155,0.039683,0.166667,0.103175,0.071429,0.222222,0.087302,0.134921,0.02381,0.150794,0.076747,NONCONFORMING,0.082759,0.006897,0.124138,0.082759,0.041379,0.186207,0.041379,0.117241,0.0,0.103448
Portugal,2010-07,16,0.0,0.214286,0.071429,0.0,0.285714,0.071429,0.285714,0.0,0.071429,0.11169,NONCONFORMING,0.0,0.0,0.142857,0.071429,0.0,0.285714,0.0,0.285714,0.0,0.071429
Portugal,2010-08,25,0.0,0.043478,0.086957,0.043478,0.26087,0.043478,0.26087,0.043478,0.217391,0.1236,NONCONFORMING,0.041667,0.0,0.041667,0.041667,0.041667,0.25,0.0,0.25,0.0,0.208333
Portugal,2010-09,154,0.045045,0.063063,0.072072,0.081081,0.225225,0.063063,0.279279,0.045045,0.126126,0.099489,NONCONFORMING,0.138686,0.021898,0.014599,0.036496,0.058394,0.175182,0.021898,0.218978,0.0,0.065693
Portugal,2010-10,162,0.073394,0.100917,0.091743,0.091743,0.165138,0.082569,0.266055,0.0,0.12844,0.087183,NONCONFORMING,0.198582,0.021277,0.056738,0.042553,0.042553,0.085106,0.035461,0.205674,0.0,0.099291
Portugal,2010-11,216,0.035088,0.061404,0.157895,0.04386,0.210526,0.122807,0.140351,0.035088,0.192982,0.099943,NONCONFORMING,0.110294,0.014706,0.036765,0.088235,0.029412,0.125,0.073529,0.117647,0.0,0.110294
Portugal,2010-12,116,0.019231,0.038462,0.019231,0.038462,0.365385,0.115385,0.201923,0.028846,0.173077,0.134643,NONCONFORMING,0.035398,0.00885,0.017699,0.00885,0.026549,0.283186,0.097345,0.185841,0.0,0.141593
Portugal,2011-01,120,0.024096,0.048193,0.156627,0.108434,0.26506,0.096386,0.204819,0.0,0.096386,0.10133,NONCONFORMING,0.072727,0.009091,0.027273,0.045455,0.045455,0.127273,0.018182,0.145455,0.0,0.036364
Portugal,2011-02,57,0.0,0.023256,0.0,0.139535,0.395349,0.093023,0.162791,0.023256,0.162791,0.134823,NONCONFORMING,0.113208,0.0,0.0,0.0,0.113208,0.264151,0.075472,0.09434,0.0,0.09434
Portugal,2011-03,115,0.021739,0.076087,0.119565,0.054348,0.304348,0.043478,0.184783,0.065217,0.130435,0.100155,NONCONFORMING,0.055556,0.0,0.055556,0.046296,0.037037,0.194444,0.0,0.138889,0.018519,0.046296
Portugal,2011-04,78,0.103448,0.034483,0.068966,0.034483,0.206897,0.068966,0.258621,0.034483,0.189655,0.105391,NONCONFORMING,0.029412,0.029412,0.014706,0.014706,0.014706,0.117647,0.044118,0.191176,0.029412,0.088235
Portugal,2011-05,76,0.166667,0.166667,0.0,0.25,0.333333,0.0,0.0,0.0,0.083333,0.098849,NONCONFORMING,0.0,0.083333,0.083333,0.0,0.041667,0.083333,0.0,0.0,0.0,0.041667
Portugal,2011-06,48,0.0,0.052632,0.078947,0.078947,0.236842,0.236842,0.105263,0.0,0.210526,0.11991,NONCONFORMING,0.022222,0.0,0.022222,0.044444,0.044444,0.177778,0.2,0.088889,0.0,0.177778
Portugal,2011-07,89,0.131148,0.04918,0.196721,0.065574,0.180328,0.081967,0.114754,0.0,0.180328,0.084285,NONCONFORMING,0.038462,0.012821,0.012821,0.025641,0.0,0.115385,0.064103,0.089744,0.0,0.089744
Portugal,2011-08,43,0.193548,0.16129,0.096774,0.0,0.129032,0.032258,0.129032,0.032258,0.225806,0.066876,NONCONFORMING,0.232558,0.0,0.0,0.0,0.0,0.093023,0.023256,0.093023,0.023256,0.0
Portugal,2011-09,75,0.017544,0.052632,0.105263,0.140351,0.210526,0.140351,0.175439,0.017544,0.140351,0.102273,NONCONFORMING,0.111111,0.013889,0.041667,0.069444,0.083333,0.138889,0.083333,0.138889,0.013889,0.111111
Portugal,2011-10,415,0.049383,0.074074,0.111111,0.135802,0.197531,0.080247,0.17284,0.006173,0.17284,0.091661,NONCONFORMING,0.148148,0.018519,0.046296,0.027778,0.064815,0.087963,0.055556,0.125,0.0,0.078704
Portugal,2011-11,141,0.035294,0.082353,0.058824,0.129412,0.164706,0.152941,0.164706,0.047059,0.164706,0.095485,NONCONFORMING,0.095238,0.019048,0.038095,0.028571,0.047619,0.104762,0.095238,0.12381,0.019048,0.085714
Portugal,2011-12,104,0.05,0.075,0.1125,0.125,0.2375,0.1125,0.0875,0.0375,0.1625,0.084047,NONCONFORMING,0.033708,0.022472,0.05618,0.044944,0.033708,0.089888,0.067416,0.078652,0.011236,0.033708
RSA,2010-02,65,0.0,0.08,0.16,0.0,0.34,0.04,0.26,0.0,0.12,0.12714,NONCONFORMING,0.166667,0.0,0.066667,0.133333,0.0,0.283333,0.033333,0.216667,0.0,0.1
RSA,2010-10,38,0.058824,0.117647,0.176471,0.058824,0.058824,0.117647,0.235294,0.058824,0.117647,0.079799,NONCONFORMING,0.047619,0.047619,0.0,0.095238,0.0,0.0,0.0,0.0,0.0,0.0
RSA,2010-11,1,0.0,0.0,0.0,1.0,0.0,0.0,0.0,0.0,0.0,0.200687,NONCONFORMING,0.0,0.0,0.0,0.0,1.0,0.0,0.0,0.0,0.0,0.0
RSA,2011-10,58,0.021739,0.086957,0.065217,0.130435,0.282609,0.173913,0.086957,0.021739,0.130435,0.10168,NONCONFORMING,0.074074,0.018519,0.055556,0.055556,0.055556,0.148148,0.148148,0.074074,0.0,0.074074
Saudi Arabia,2011-02,9,0.0,0.0,0.0,0.0,0.0,0.0,0.571429,0.0,0.428571,0.199167,NONCONFORMING,0.125,0.0,0.0,0.0,0.0,0.0,0.0,0.5,0.0,0.375
Singapore,2010-04,38,0.129032,0.032258,0.096774,0.16129,0.225806,0.0,0.129032,0.032258,0.193548,0.095519,NONCONFORMING,0.0,0.0,0.0,0.0,0.078947,0.078947,0.0,0.078947,0.0,0.0
Singapore,2010-09,85,0.03125,0.0625,0.046875,0.09375,0.28125,0.03125,0.1875,0.046875,0.21875,0.112127,NONCONFORMING,0.061728,0.0,0.024691,0.012346,0.037037,0.185185,0.012346,0.08642,0.012346,0.098765
Singapore,2011-01,62,0.1,0.1,0.2,0.04,0.28,0.02,0.14,0.02,0.1,0.091585,NONCONFORMING,0.051724,0.0,0.0,0.068966,0.0,0.137931,0.0,0.086207,0.0,0.051724
Singapore,2011-04,58,0.27907,0.093023,0.093023,0.023256,0.186047,0.023256,0.116279,0.046512,0.139535,0.05754,NONCONFORMING,0.052632,0.0,0.035088,0.017544,0.0,0.035088,0.017544,0.035088,0.035088,0.017544
Singapore,2011-07,75,0.191489,0.106383,0.12766,0.021277,0.106383,0.06383,0.12766,0.021277,0.234043,0.063972,NONCONFORMING,0.044118,0.0,0.029412,0.0,0.014706,0.014706,0.029412,0.029412,0.0,0.014706
Singapore,2011-10,34,0.076923,0.076923,0.038462,0.0,0.269231,0.346154,0.076923,0.038462,0.076923,0.115412,NONCONFORMING,0.0,0.0,0.0,0.0,0.0,0.151515,0.272727,0.060606,0.030303,0.0
Spain,2009-12,236,0.027933,0.122905,0.089385,0.027933,0.290503,0.03352,0.189944,0.01676,0.201117,0.110808,NONCONFORMING,0.051643,0.004695,0.084507,0.028169,0.0,0.103286,0.00939,0.117371,0.00939,0.075117
Spain,2010-01,126,0.117647,0.147059,0.117647,0.029412,0.294118,0.014706,0.205882,0.0,0.073529,0.0868,NONCONFORMING,0.074074,0.061728,0.098765,0.049383,0.012346,0.17284,0.0,0.123457,0.0,0.024691
Spain,2010-02,28,0.142857,0.0,0.0,0.0,0.571429,0.142857,0.142857,0.0,0.0,0.145116,NONCONFORMING,0.173913,0.0,0.0,0.0,0.0,0.26087,0.0,0.086957,0.0,0.0
Spain,2010-03,89,0.056604,0.056604,0.188679,0.075472,0.320755,0.056604,0.188679,0.0,0.056604,0.0993,NONCONFORMING,0.162162,0.013514,0.027027,0.121622,0.013514,0.162162,0.013514,0.121622,0.0,0.013514
Spain,2010-04,31,0.043478,0.043478,0.086957,0.086957,0.26087,0.173913,0.26087,0.0,0.043478,0.109229,NONCONFORMING,0.0,0.037037,0.0,0.037037,0.074074,0.222222,0.037037,0.222222,0.0,0.037037
Spain,2010-05,75,0.035714,0.053571,0.178571,0.142857,0.232143,0.035714,0.196429,0.0,0.125,0.104494,NONCONFORMING,0.097222,0.027778,0.041667,0.069444,0.027778,0.111111,0.027778,0.138889,0.0,0.069444
Spain,2010-06,25,0.0,0.0,0.1875,0.0625,0.1875,0.0625,0.3125,0.0625,0.125,0.114662,NONCONFORMING,0.24,0.0,0.0,0.04,0.0,0.04,0.0,0.16,0.04,0.04
Spain,2010-07,71,0.081081,0.108108,0.108108,0.081081,0.351351,0.027027,0.162162,0.054054,0.027027,0.084276,NONCONFORMING,0.259259,0.037037,0.055556,0.055556,0.037037,0.222222,0.018519,0.111111,0.0,0.018519
Spain,2010-08,58,0.030303,0.151515,0.181818,0.090909,0.30303,0.121212,0.060606,0.0,0.060606,0.078324,NONCONFORMING,0.162791,0.0,0.023256,0.093023,0.023256,0.139535,0.069767,0.046512,0.0,0.023256
Spain,2010-09,171,0.008403,0.058824,0.12605,0.042017,0.344538,0.05042,0.193277,0.02521,0.151261,0.112724,NONCONFORMING,0.165605,0.006369,0.025478,0.070064,0.025478,0.229299,0.006369,0.146497,0.0,0.070064
Spain,2010-10,203,0.081818,0.063636,0.109091,0.072727,0.245455,0.054545,0.209091,0.036364,0.127273,0.088642,NONCONFORMING,0.128571,0.028571,0.028571,0.042857,0.014286,0.15,0.014286,0.121429,0.0,0.028571
Spain,2010-11,82,0.063492,0.047619,0.095238,0.079365,0.222222,0.079365,0.206349,0.015873,0.190476,0.099675,NONCONFORMING,0.063291,0.0,0.025316,0.025316,0.025316,0.088608,0.012658,0.139241,0.0,0.088608
Spain,2010-12,74,0.096774,0.129032,0.064516,0.129032,0.129032,0.064516,0.0,0.0,0.387097,0.09407,NONCONFORMING,0.029412,0.058824,0.117647,0.029412,0.088235,0.058824,0.058824,0.0,0.0,0.176471
Spain,2011-01,394,0.055556,0.083333,0.087302,0.09127,0.234127,0.051587,0.230159,0.027778,0.138889,0.093388,NONCONFORMING,0.061644,0.041096,0.065068,0.034247,0.065068,0.171233,0.034247,0.184932,0.003425,0.10274
Spain,2011-02,102,0.025,0.0875,0.0,0.075,0.4375,0.025,0.2125,0.0125,0.125,0.131571,NONCONFORMING,0.104167,0.020833,0.0625,0.0,0.052083,0.302083,0.010417,0.166667,0.0,0.0625
Spain,2011-03,205,0.02439,0.079268,0.115854,0.04878,0.29878,0.054878,0.195122,0.018293,0.164634,0.10569,NONCONFORMING,0.10101,0.005051,0.050505,0.070707,0.030303,0.207071,0.040404,0.156566,0.005051,0.090909
Spain,2011-04,97,0.0,0.071429,0.114286,0.142857,0.157143,0.171429,0.214286,0.0,0.128571,0.103889,NONCONFORMING,0.152174,0.0,0.043478,0.043478,0.076087,0.108696,0.119565,0.141304,0.0,0.076087
Spain,2011-05,107,0.026667,0.053333,0.16,0.013333,0.293333,0.026667,0.16,0.04,0.226667,0.118251,NONCONFORMING,0.163265,0.020408,0.030612,0.05102,0.010204,0.153061,0.0,0.071429,0.0,0.102041
Spain,2011-06,183,0.062016,0.162791,0.046512,0.03876,0.162791,0.170543,0.193798,0.069767,0.093023,0.086421,NONCONFORMING,0.061644,0.034247,0.10274,0.034247,0.013699,0.130137,0.130137,0.164384,0.027397,0.054795
Spain,2011-07,175,0.021505,0.107527,0.11828,0.139785,0.225806,0.075269,0.16129,0.010753,0.139785,0.087811,NONCONFORMING,0.1,0.009091,0.045455,0.081818,0.054545,0.127273,0.036364,0.081818,0.0,0.063636
Spain,2011-08,247,0.084211,0.115789,0.105263,0.136842,0.189474,0.063158,0.136842,0.010526,0.157895,0.075825,NONCONFORMING,0.089286,0.044643,0.098214,0.080357,0.080357,0.125,0.035714,0.098214,0.0,0.053571
Spain,2011-09,248,0.031915,0.053191,0.101064,0.117021,0.154255,0.138298,0.239362,0.015957,0.148936,0.100241,NONCONFORMING,0.096916,0.022026,0.044053,0.048458,0.035242,0.110132,0.101322,0.198238,0.0,0.088106
Spain,2011-10,311,0.043011,0.096774,0.102151,0.080645,0.225806,0.086022,0.172043,0.043011,0.150538,0.085451,NONCONFORMING,0.085106,0.012766,0.046809,0.046809,0.038298,0.13617,0.046809,0.12766,0.021277,0.110638
Spain,2011-11,308,0.035897,0.123077,0.046154,0.117949,0.215385,0.061538,0.220513,0.035897,0.14359,0.092799,NONCONFORMING,0.096234,0.020921,0.087866,0.016736,0.041841,0.096234,0.037657,0.167364,0.016736,0.062762
Spain,2011-12,55,0.142857,0.0,0.142857,0.0,0.0,0.0,0.428571,0.285714,0.0,0.138458,NONCONFORMING,0.2,0.1,0.0,0.1,0.0,0.0,0.0,0.3,0.0,0.0
Sweden,2009-12,2,0.0,0.0,0.0,0.0,0.0,1.0,0.0,0.0,0.0,0.207345,NONCONFORMING,0.0,0.0,0.0,0.0,0.0,0.0,0.0,0.0,0.0,0.0
Sweden,2010-01,19,0.285714,0.0,0.285714,0.071429,0.142857,0.0,0.0,0.071429,0.142857,0.075962,NONCONFORMING,0.0,0.0,0.0,0.235294,0.0,0.0,0.0,0.0,0.058824,0.0
Sweden,2010-02,85,0.038462,0.173077,0.211538,0.096154,0.115385,0.115385,0.076923,0.0,0.173077,0.070554,NONCONFORMING,0.129412,0.011765,0.105882,0.117647,0.0,0.070588,0.011765,0.035294,0.0,0.011765
Sweden,2010-03,71,0.056604,0.169811,0.09434,0.037736,0.207547,0.018868,0.320755,0.0,0.09434,0.097714,NONCONFORMING,0.15942,0.043478,0.072464,0.028986,0.014493,0.072464,0.0,0.231884,0.0,0.043478
Sweden,2010-04,142,0.14876,0.132231,0.157025,0.066116,0.165289,0.107438,0.066116,0.024793,0.132231,0.056285,NONCONFORMING,0.035714,0.085714,0.078571,0.057143,0.057143,0.035714,0.035714,0.042857,0.0,0.0
Sweden,2010-05,31,0.2,0.1,0.1,0.15,0.0,0.15,0.0,0.0,0.3,0.086752,NONCONFORMING,0.096774,0.0,0.064516,0.032258,0.096774,0.0,0.064516,0.0,0.0,0.0
Sweden,2010-06,40,0.0,0.043478,0.086957,0.0,0.26087,0.043478,0.434783,0.0,0.130435,0.142924,NONCONFORMING,0.147059,0.0,0.029412,0.0,0.0,0.029412,0.0,0.205882,0.0,0.088235
Sweden,2010-07,63,0.09434,0.132075,0.169811,0.09434,0.188679,0.018868,0.113208,0.0,0.188679,0.078335,NONCONFORMING,0.080645,0.032258,0.112903,0.096774,0.048387,0.112903,0.0,0.096774,0.0,0.145161
Sweden,2010-08,152,0.027273,0.081818,0.145455,0.090909,0.309091,0.009091,0.190909,0.009091,0.136364,0.105322,NONCONFORMING,0.166667,0.020833,0.055556,0.104167,0.069444,0.201389,0.006944,0.145833,0.0,0.083333
Sweden,2010-09,34,0.0,0.034483,0.37931,0.068966,0.172414,0.0,0.241379,0.034483,0.068966,0.123156,NONCONFORMING,0.029412,0.0,0.029412,0.323529,0.0,0.029412,0.0,0.205882,0.0,0.029412
Sweden,2010-10,205,0.027778,0.125,0.138889,0.055556,0.201389,0.027778,0.222222,0.006944,0.194444,0.099795,NONCONFORMING,0.136364,0.015152,0.070707,0.070707,0.030303,0.116162,0.010101,0.151515,0.005051,0.106061
Sweden,2010-11,57,0.057143,0.142857,0.057143,0.085714,0.371429,0.028571,0.028571,0.0,0.228571,0.105569,NONCONFORMING,0.145455,0.0,0.090909,0.036364,0.018182,0.163636,0.018182,0.018182,0.0,0.109091
Sweden,2010-12,27,0.181818,0.090909,0.227273,0.136364,0.136364,0.045455,0.090909,0.045455,0.045455,0.05153,NONCONFORMING,0.0,0.111111,0.074074,0.185185,0.074074,0.111111,0.037037,0.074074,0.037037,0.037037
Sweden,2011-01,34,0.105263,0.0,0.052632,0.0,0.368421,0.105263,0.157895,0.157895,0.052632,0.120239,NONCONFORMING,0.212121,0.060606,0.0,0.0,0.0,0.060606,0.060606,0.060606,0.090909,0.0
Sweden,2011-02,12,0.4,0.2,0.4,0.0,0.0,0.0,0.0,0.0,0.0,0.088431,NONCONFORMING,0.25,0.166667,0.083333,0.0,0.0,0.0,0.0,0.0,0.0,0.0
Sweden,2011-03,35,0.04,0.04,0.2,0.12,0.2,0.08,0.04,0.2,0.08,0.092247,NONCONFORMING,0.029412,0.0,0.029412,0.117647,0.029412,0.088235,0.0,0.0,0.147059,0.0
Sweden,2011-04,34,0.0,0.034483,0.137931,0.068966,0.482759,0.206897,0.034483,0.0,0.034483,0.123671,NONCONFORMING,0.03125,0.0,0.03125,0.0,0.03125,0.28125,0.1875,0.03125,0.0,0.03125
Sweden,2011-05,19,0.0,0.0,0.285714,0.142857,0.071429,0.142857,0.142857,0.142857,0.071429,0.10775,NONCONFORMING,0.111111,0.0,0.0,0.111111,0.0,0.0,0.055556,0.055556,0.055556,0.055556
Sweden,2011-06,35,0.034483,0.068966,0.103448,0.206897,0.172414,0.034483,0.172414,0.0,0.206897,0.106396,NONCONFORMING,0.0,0.0,0.029412,0.029412,0.088235,0.147059,0.0,0.147059,0.0,0.147059
Sweden,2011-07,54,0.191489,0.12766,0.148936,0.042553,0.12766,0.085106,0.106383,0.0,0.170213,0.058552,NONCONFORMING,0.037037,0.037037,0.092593,0.12963,0.0,0.074074,0.037037,0.037037,0.0,0.074074
Sweden,2011-08,39,0.052632,0.105263,0.157895,0.052632,0.263158,0.052632,0.157895,0.0,0.157895,0.095327,NONCONFORMING,0.176471,0.0,0.029412,0.058824,0.029412,0.088235,0.029412,0.088235,0.0,0.058824
Sweden,2011-09,44,0.096774,0.0,0.096774,0.032258,0.193548,0.032258,0.193548,0.064516,0.290323,0.112856,NONCONFORMING,0.119048,0.0,0.0,0.047619,0.0,0.02381,0.02381,0.071429,0.02381,0.0
Sweden,2011-10,48,0.133333,0.066667,0.033333,0.133333,0.166667,0.133333,0.166667,0.066667,0.1,0.081939,NONCONFORMING,0.204545,0.022727,0.022727,0.022727,0.0,0.068182,0.090909,0.0,0.022727,0.022727
Sweden,2011-11,78,0.040816,0.040816,0.163265,0.204082,0.22449,0.102041,0.122449,0.040816,0.061224,0.090183,NONCONFORMING,0.179104,0.014925,0.029851,0.089552,0.089552,0.119403,0.059701,0.074627,0.014925,0.044776
Sweden,2011-12,1,0.0,0.0,1.0,0.0,0.0,0.0,0.0,0.0,0.0,0.194458,NONCONFORMING,0.0,0.0,0.0,0.0,0.0,0.0,0.0,0.0,0.0,0.0
Switzerland,2009-12,16,0.1,0.3,0.1,0.0,0.1,0.0,0.0,0.0,0.4,0.110882,NONCONFORMING,0.125,0.0,0.125,0.0,0.0,0.0625,0.0,0.0,0.0,0.125
Switzerland,2010-02,21,0.1,0.0,0.0,0.0,0.1,0.0,0.3,0.0,0.5,0.159349,NONCONFORMING,0.105263,0.0,0.0,0.0,0.0,0.052632,0.0,0.157895,0.0,0.105263
Switzerland,2010-03,58,0.078947,0.184211,0.052632,0.184211,0.289474,0.0,0.157895,0.0,0.052632,0.091664,NONCONFORMING,0.142857,0.0,0.122449,0.040816,0.142857,0.204082,0.0,0.122449,0.0,0.020408
Switzerland,2010-04,73,0.095238,0.047619,0.119048,0.0,0.309524,0.0,0.166667,0.0,0.261905,0.12337,NONCONFORMING,0.098592,0.028169,0.028169,0.042254,0.0,0.098592,0.0,0.070423,0.0,0.084507
Switzerland,2010-05,251,0.082051,0.097436,0.138462,0.046154,0.148718,0.05641,0.133333,0.025641,0.271795,0.085431,NONCONFORMING,0.117155,0.004184,0.058577,0.07113,0.033473,0.079498,0.020921,0.096234,0.008368,0.100418
Switzerland,2010-06,113,0.064935,0.103896,0.168831,0.025974,0.298701,0.038961,0.090909,0.012987,0.194805,0.098973,NONCONFORMING,0.141509,0.018868,0.066038,0.056604,0.018868,0.150943,0.028302,0.04717,0.0,0.09434
Switzerland,2010-07,28,0.0,0.043478,0.043478,0.0,0.26087,0.043478,0.130435,0.043478,0.434783,0.142924,NONCONFORMING,0.071429,0.0,0.035714,0.0,0.0,0.214286,0.0,0.107143,0.035714,0.321429
Switzerland,2010-08,80,0.016667,0.066667,0.066667,0.05,0.366667,0.05,0.083333,0.033333,0.266667,0.118608,NONCONFORMING,0.041096,0.013699,0.013699,0.013699,0.013699,0.219178,0.041096,0.068493,0.0,0.054795
Switzerland,2010-09,84,0.058824,0.073529,0.102941,0.088235,0.235294,0.073529,0.191176,0.0,0.176471,0.094799,NONCONFORMING,0.08642,0.0,0.061728,0.012346,0.024691,0.098765,0.024691,0.148148,0.0,0.074074
Switzerland,2010-10,229,0.079755,0.147239,0.08589,0.03681,0.306748,0.04908,0.141104,0.018405,0.134969,0.088865,NONCONFORMING,0.109005,0.004739,0.066351,0.047393,0.018957,0.151659,0.018957,0.090047,0.009479,0.061611
Switzerland,2010-11,232,0.081761,0.062893,0.081761,0.069182,0.333333,0.012579,0.220126,0.012579,0.125786,0.110292,NONCONFORMING,0.16,0.0,0.035556,0.004444,0.008889,0.155556,0.008889,0.071111,0.0,0.044444
Switzerland,2010-12,50,0.0,0.0,0.137931,0.0,0.448276,0.034483,0.034483,0.034483,0.310345,0.143705,NONCONFORMING,0.155556,0.0,0.0,0.0,0.0,0.2,0.0,0.0,0.0,0.088889
Switzerland,2011-01,160,0.073684,0.126316,0.115789,0.042105,0.263158,0.052632,0.094737,0.031579,0.2,0.083325,NONCONFORMING,0.178571,0.0,0.042857,0.028571,0.014286,0.092857,0.021429,0.057143,0.0,0.042857
Switzerland,2011-02,102,0.083333,0.083333,0.059524,0.047619,0.202381,0.047619,0.285714,0.011905,0.178571,0.107497,NONCONFORMING,0.080808,0.010101,0.060606,0.040404,0.020202,0.131313,0.030303,0.242424,0.0,0.090909
Switzerland,2011-03,60,0.02381,0.0,0.190476,0.119048,0.190476,0.071429,0.214286,0.0,0.190476,0.112103,NONCONFORMING,0.160714,0.0,0.0,0.017857,0.017857,0.142857,0.053571,0.160714,0.0,0.035714
Switzerland,2011-04,80,0.058824,0.058824,0.147059,0.044118,0.191176,0.132353,0.161765,0.0,0.205882,0.102982,NONCONFORMING,0.013514,0.027027,0.040541,0.108108,0.040541,0.135135,0.121622,0.148649,0.0,0.162162
Switzerland,2011-05,157,0.064,0.024,0.128,0.048,0.208,0.168,0.112,0.04,0.208,0.099819,NONCONFORMING,0.066667,0.033333,0.013333,0.033333,0.026667,0.133333,0.106667,0.073333,0.02,0.08
Switzerland,2011-06,126,0.064516,0.139785,0.139785,0.043011,0.096774,0.0,0.11828,0.043011,0.354839,0.089291,NONCONFORMING,0.123967,0.0,0.057851,0.082645,0.024793,0.033058,0.0,0.082645,0.016529,0.123967
Switzerland,2011-07,177,0.048544,0.019417,0.184466,0.048544,0.300971,0.067961,0.194175,0.009709,0.126214,0.110882,NONCONFORMING,0.057377,0.0,0.008197,0.098361,0.008197,0.229508,0.04918,0.098361,0.0,0.07377
Switzerland,2011-08,271,0.039801,0.084577,0.069652,0.074627,0.293532,0.099502,0.179104,0.034826,0.124378,0.099253,NONCONFORMING,0.112903,0.008065,0.052419,0.028226,0.040323,0.217742,0.076613,0.133065,0.020161,0.076613
Switzerland,2011-09,194,0.03937,0.11811,0.07874,0.062992,0.125984,0.110236,0.212598,0.015748,0.23622,0.096703,NONCONFORMING,0.116279,0.0,0.034884,0.011628,0.017442,0.063953,0.05814,0.139535,0.005814,0.098837
Switzerland,2011-10,383,0.046083,0.069124,0.115207,0.110599,0.239631,0.050691,0.152074,0.02765,0.18894,0.091423,NONCONFORMING,0.136519,0.010239,0.023891,0.027304,0.020478,0.088737,0.027304,0.105802,0.010239,0.064846
Switzerland,2011-11,231,0.064516,0.129032,0.077419,0.025806,0.309677,0.083871,0.129032,0.032258,0.148387,0.093576,NONCONFORMING,0.167421,0.00905,0.072398,0.004525,0.013575,0.122172,0.031674,0.076923,0.00905,0.040724
Thailand,2010-06,10,0.0,0.444444,0.0,0.0,0.0,0.111111,0.444444,0.0,0.0,0.155327,NONCONFORMING,0.1,0.0,0.4,0.0,0.0,0.0,0.0,0.1,0.0,0.0
Thailand,2010-07,67,0.016949,0.220339,0.050847,0.067797,0.355932,0.050847,0.20339,0.0,0.033898,0.103644,NONCONFORMING,0.015385,0.0,0.184615,0.046154,0.061538,0.276923,0.030769,0.184615,0.0,0.030769
United Arab Emirates,2009-12,53,0.071429,0.0,0.214286,0.071429,0.357143,0.071429,0.071429,0.142857,0.0,0.105985,NONCONFORMING,0.125,0.0,0.0,0.1875,0.0625,0.3125,0.0,0.0,0.0625,0.0
United Arab Emirates,2010-02,114,0.04,0.08,0.106667,0.026667,0.453333,0.0,0.16,0.0,0.133333,0.125275,NONCONFORMING,0.126126,0.018018,0.036036,0.036036,0.0,0.198198,0.0,0.099099,0.0,0.054054
United Arab Emirates,2010-03,67,0.044444,0.111111,0.133333,0.0,0.288889,0.155556,0.266667,0.0,0.0,0.11453,NONCONFORMING,0.114754,0.032787,0.04918,0.098361,0.0,0.180328,0.114754,0.114754,0.0,0.0
United Arab Emirates,2010-08,76,0.072727,0.054545,0.072727,0.090909,0.418182,0.036364,0.0,0.0,0.254545,0.121731,NONCONFORMING,0.026667,0.0,0.04,0.026667,0.066667,0.093333,0.0,0.0,0.0,0.08
United Arab Emirates,2010-09,28,0.0,0.125,0.0,0.0,0.75,0.0,0.125,0.0,0.0,0.163962,NONCONFORMING,0.347826,0.0,0.043478,0.0,0.0,0.26087,0.0,0.043478,0.0,0.0
United Arab Emirates,2010-10,12,0.111111,0.0,0.222222,0.111111,0.222222,0.222222,0.111111,0.0,0.0,0.102871,NONCONFORMING,0.166667,0.0,0.0,0.083333,0.0,0.0,0.0,0.0,0.0,0.0
United Arab Emirates,2010-11,51,0.02439,0.073171,0.097561,0.04878,0.317073,0.097561,0.097561,0.02439,0.219512,0.107073,NONCONFORMING,0.085106,0.0,0.06383,0.0,0.021277,0.148936,0.0,0.085106,0.021277,0.106383
United Arab Emirates,2011-02,31,0.074074,0.0,0.0,0.074074,0.444444,0.037037,0.037037,0.037037,0.296296,0.136845,NONCONFORMING,0.0,0.0,0.0,0.0,0.0,0.064516,0.0,0.032258,0.0,0.16129
United Arab Emirates,2011-09,38,0.0,0.041667,0.125,0.25,0.083333,0.0,0.083333,0.0,0.416667,0.123012,NONCONFORMING,0.16129,0.0,0.032258,0.0,0.096774,0.064516,0.0,0.032258,0.0,0.193548
United Kingdom,2009-12,40695,0.11334,0.117557,0.147138,0.056734,0.211794,0.05782,0.14356,0.036289,0.115768,0.068976,NONCONFORMING,0.100031,0.047614,0.070182,0.083505,0.02453,0.113923,0.020554,0.089651,0.015183,0.041417
United Kingdom,2010-01,27681,0.12186,0.109955,0.150919,0.059336,0.217567,0.062523,0.129546,0.024747,0.123547,0.069713,NONCONFORMING,0.113978,0.057704,0.063497,0.084487,0.031222,0.121502,0.033629,0.079522,0.009705,0.051309
United Kingdom,2010-02,25546,0.115018,0.112944,0.137645,0.068163,0.221552,0.069482,0.135194,0.019138,0.120864,0.068871,NONCONFORMING,0.109815,0.05533,0.066073,0.071675,0.04144,0.123014,0.042744,0.089709,0.005142,0.056557
United Kingdom,2010-03,36871,0.111583,0.107335,0.123399,0.071158,0.23226,0.070096,0.130368,0.022104,0.131696,0.069899,NONCONFORMING,0.116651,0.05226,0.067169,0.059848,0.041466,0.129582,0.040611,0.084322,0.007107,0.065406
United Kingdom,2010-04,30063,0.099695,0.113226,0.119248,0.071593,0.250911,0.067207,0.125716,0.019329,0.133076,0.072674,NONCONFORMING,0.103193,0.047469,0.070596,0.059002,0.045526,0.138946,0.040185,0.086621,0.004553,0.069382
United Kingdom,2010-05,30193,0.10565,0.107926,0.112628,0.075085,0.230641,0.0697,0.13576,0.019719,0.14289,0.073137,NONCONFORMING,0.102082,0.0483,0.062777,0.052489,0.044542,0.126663,0.040722,0.09586,0.005668,0.069924
United Kingdom,2010-06,35176,0.104838,0.108881,0.109945,0.076252,0.23209,0.064123,0.138956,0.022982,0.141935,0.073345,NONCONFORMING,0.115369,0.04829,0.063757,0.051727,0.047431,0.131065,0.038609,0.09784,0.006817,0.070745
United Kingdom,2010-07,29117,0.09461,0.106526,0.113484,0.086932,0.222649,0.073656,0.137716,0.024472,0.139955,0.072022,NONCONFORMING,0.115192,0.042628,0.065,0.049103,0.054295,0.120962,0.043654,0.097436,0.006667,0.068333
United Kingdom,2010-08,29226,0.10019,0.097024,0.116255,0.074865,0.229978,0.075419,0.137306,0.022317,0.146645,0.075438,NONCONFORMING,0.106495,0.045224,0.055753,0.049156,0.04516,0.127743,0.046492,0.095776,0.005391,0.072751
United Kingdom,2010-09,36023,0.095508,0.088646,0.108796,0.052901,0.267062,0.066937,0.154273,0.024579,0.141298,0.084378,NONCONFORMING,0.115933,0.039683,0.050223,0.04572,0.028798,0.140524,0.041267,0.105344,0.007175,0.068778
United Kingdom,2010-10,51008,0.099589,0.082281,0.107391,0.057739,0.270677,0.067149,0.164988,0.02336,0.126827,0.084392,NONCONFORMING,0.120417,0.04456,0.048137,0.04307,0.032377,0.149776,0.038636,0.109054,0.008681,0.061885
United Kingdom,2010-11,68201,0.118252,0.094211,0.102863,0.061797,0.257635,0.069572,0.145842,0.025078,0.124751,0.077316,NONCONFORMING,0.109039,0.057478,0.054312,0.041198,0.032433,0.139905,0.041262,0.094294,0.009884,0.054727
United Kingdom,2010-12,37903,0.130661,0.104952,0.10636,0.061351,0.24322,0.088258,0.131225,0.027823,0.106149,0.070883,NONCONFORMING,0.097236,0.069146,0.055556,0.040089,0.031445,0.12436,0.05311,0.081713,0.009382,0.042022
United Kingdom,2011-01,30101,0.113303,0.094052,0.111962,0.085816,0.219711,0.08888,0.131692,0.024998,0.129585,0.071109,NONCONFORMING,0.10931,0.058122,0.058824,0.047604,0.044644,0.131983,0.055473,0.087963,0.0067,0.06233
United Kingdom,2011-02,24292,0.091035,0.086969,0.094308,0.084986,0.244645,0.075863,0.155692,0.022808,0.143693,0.082226,NONCONFORMING,0.113964,0.044225,0.05516,0.040904,0.0422,0.148469,0.049976,0.1104,0.004536,0.074113
United Kingdom,2011-03,31663,0.087316,0.088454,0.097102,0.079958,0.241997,0.080033,0.14626,0.027538,0.151343,0.082168,NONCONFORMING,0.103022,0.041512,0.056022,0.042206,0.038231,0.153807,0.053435,0.10441,0.010473,0.079869
United Kingdom,2011-04,26462,0.091175,0.07955,0.099963,0.080923,0.252197,0.09026,0.143812,0.027646,0.134475,0.082415,NONCONFORMING,0.110207,0.039349,0.05166,0.039862,0.03803,0.151902,0.060746,0.098117,0.011065,0.065949
United Kingdom,2011-05,32159,0.091815,0.085989,0.090692,0.082479,0.226309,0.108662,0.130072,0.023796,0.160185,0.083411,NONCONFORMING,0.096022,0.038067,0.051516,0.036243,0.036642,0.136141,0.077388,0.084967,0.008377,0.079895
United Kingdom,2011-06,31473,0.092909,0.099043,0.103132,0.088902,0.201194,0.106731,0.131103,0.023227,0.153758,0.076202,NONCONFORMING,0.093684,0.037686,0.059514,0.046576,0.035496,0.119958,0.07358,0.089769,0.008824,0.072917
United Kingdom,2011-07,33428,0.092003,0.088914,0.105901,0.088427,0.192295,0.124512,0.13199,0.028446,0.147513,0.076985,NONCONFORMING,0.093183,0.034152,0.054852,0.046951,0.03807,0.116299,0.083714,0.085869,0.01306,0.067389
United Kingdom,2011-08,29624,0.085225,0.087961,0.102527,0.084661,0.217689,0.108643,0.13858,0.023419,0.151296,0.081407,NONCONFORMING,0.091514,0.030957,0.050346,0.043301,0.0349,0.127771,0.07316,0.095263,0.009371,0.070833
United Kingdom,2011-09,43352,0.080061,0.093531,0.093314,0.099234,0.214872,0.098854,0.139862,0.028081,0.152192,0.079606,NONCONFORMING,0.096714,0.030302,0.053797,0.040229,0.035937,0.117262,0.066109,0.099142,0.012615,0.071224
United Kingdom,2011-10,51099,0.083834,0.097574,0.094499,0.103081,0.212213,0.09936,0.138003,0.029168,0.142269,0.077364,NONCONFORMING,0.090595,0.036181,0.056729,0.035004,0.041826,0.120685,0.069642,0.097417,0.012954,0.067611
United Kingdom,2011-11,73347,0.092314,0.110101,0.095771,0.10614,0.192318,0.102179,0.129753,0.030758,0.140666,0.07206,NONCONFORMING,0.095697,0.041805,0.063819,0.035855,0.043809,0.106501,0.068767,0.086961,0.011085,0.061314
United Kingdom,2011-12,22298,0.094485,0.110907,0.100735,0.121078,0.188725,0.106495,0.11826,0.035784,0.123529,0.069178,NONCONFORMING,0.080433,0.040012,0.065428,0.036236,0.047566,0.103705,0.071961,0.078902,0.014903,0.055323
Unspecified,2010-01,63,0.119048,0.071429,0.071429,0.02381,0.333333,0.02381,0.285714,0.0,0.071429,0.112788,NONCONFORMING,0.020408,0.081633,0.040816,0.040816,0.020408,0.204082,0.0,0.244898,0.0,0.020408
Unspecified,2010-04,14,0.125,0.125,0.0,0.0,0.375,0.0,0.0,0.0,0.375,0.138903,NONCONFORMING,0.285714,0.0,0.071429,0.0,0.0,0.214286,0.0,0.0,0.0,0.142857
Unspecified,2010-07,70,0.117647,0.019608,0.0,0.078431,0.54902,0.039216,0.0,0.039216,0.156863,0.129099,NONCONFORMING,0.057143,0.0,0.0,0.0,0.0,0.228571,0.0,0.0,0.0,0.057143
Unspecified,2010-09,110,0.023256,0.023256,0.127907,0.081395,0.325581,0.023256,0.22093,0.023256,0.151163,0.115047,NONCONFORMING,0.079208,0.009901,0.009901,0.108911,0.059406,0.247525,0.019802,0.178218,0.009901,0.079208
Unspecified,2010-11,51,0.210526,0.052632,0.052632,0.105263,0.157895,0.052632,0.210526,0.0,0.157895,0.078164,NONCONFORMING,0.25,0.142857,0.035714,0.0,0.071429,0.071429,0.035714,0.142857,0.0,0.071429
Unspecified,2011-04,16,0.0,0.0,0.5,0.0,0.25,0.0,0.25,0.0,0.0,0.163975,NONCONFORMING,0.0,0.0,0.0,0.375,0.0,0.1875,0.0,0.1875,0.0,0.0
Unspecified,2011-05,60,0.027778,0.0,0.0,0.083333,0.361111,0.083333,0.194444,0.027778,0.222222,0.13583,NONCONFORMING,0.236364,0.018182,0.0,0.0,0.018182,0.127273,0.054545,0.090909,0.018182,0.127273
Unspecified,2011-06,9,0.0,0.125,0.0,0.375,0.125,0.0,0.25,0.0,0.125,0.132258,NONCONFORMING,0.0,0.0,0.0,0.0,0.0,0.0,0.0,0.25,0.0,0.125
Unspecified,2011-07,212,0.162162,0.189189,0.108108,0.0,0.216216,0.162162,0.054054,0.081081,0.027027,0.061173,NONCONFORMING,0.236364,0.109091,0.109091,0.072727,0.0,0.109091,0.072727,0.018182,0.0,0.0
Unspecified,2011-08,23,0.0,0.0,0.045455,0.136364,0.136364,0.227273,0.090909,0.0,0.363636,0.135057,NONCONFORMING,0.0,0.0,0.0,0.043478,0.130435,0.086957,0.217391,0.086957,0.0,0.173913
Unspecified,2011-09,51,0.0,0.0,0.25,0.0,0.25,0.25,0.25,0.0,0.0,0.149098,NONCONFORMING,0.0,0.0,0.0,0.2,0.0,0.2,0.2,0.0,0.0,0.0
Unspecified,2011-11,54,0.069767,0.0,0.069767,0.093023,0.325581,0.116279,0.093023,0.0,0.232558,0.115014,NONCONFORMING,0.113208,0.018868,0.0,0.037736,0.037736,0.207547,0.09434,0.056604,0.0,0.188679
Usa,2009-12,1,0.0,0.0,0.0,1.0,0.0,0.0,0.0,0.0,0.0,0.200687,NONCONFORMING,0.0,0.0,0.0,0.0,1.0,0.0,0.0,0.0,0.0,0.0
Usa,2010-01,112,0.044776,0.089552,0.104478,0.134328,0.208955,0.059701,0.179104,0.059701,0.119403,0.082333,NONCONFORMING,0.025316,0.025316,0.037975,0.063291,0.037975,0.177215,0.0,0.126582,0.0,0.050633
Usa,2010-05,15,0.0,0.0,0.0,0.5,0.1,0.4,0.0,0.0,0.0,0.168214,NONCONFORMING,0.0,0.0,0.0,0.0,0.0,0.071429,0.0,0.0,0.0,0.0
Usa,2010-06,38,0.0,0.076923,0.269231,0.038462,0.346154,0.0,0.269231,0.0,0.0,0.138334,NONCONFORMING,0.131579,0.0,0.052632,0.184211,0.026316,0.236842,0.0,0.184211,0.0,0.0
Usa,2010-07,24,0.263158,0.210526,0.157895,0.052632,0.105263,0.052632,0.052632,0.0,0.105263,0.033995,NONCONFORMING,0.05,0.15,0.05,0.1,0.0,0.1,0.05,0.0,0.0,0.0
Usa,2010-10,9,0.0,0.0,0.2,0.0,0.0,0.4,0.4,0.0,0.0,0.166694,NONCONFORMING,0.444444,0.0,0.0,0.0,0.0,0.0,0.222222,0.222222,0.0,0.0
Usa,2010-11,39,0.25,0.0,0.25,0.0,0.25,0.0,0.0,0.125,0.125,0.099771,NONCONFORMING,0.0,0.181818,0.0,0.090909,0.0,0.181818,0.0,0.0,0.0,0.0
Usa,2011-04,22,0.083333,0.083333,0.0,0.166667,0.25,0.083333,0.166667,0.0,0.166667,0.108121,NONCONFORMING,0.071429,0.0,0.071429,0.0,0.0,0.214286,0.0,0.071429,0.0,0.142857
Usa,2011-10,126,0.012048,0.096386,0.120482,0.072289,0.180723,0.168675,0.216867,0.012048,0.120482,0.097082,NONCONFORMING,0.155172,0.0,0.051724,0.068966,0.034483,0.12069,0.112069,0.146552,0.0,0.068966
Usa,2011-12,32,0.05,0.0,0.55,0.05,0.05,0.1,0.15,0.0,0.05,0.123192,NONCONFORMING,0.0,0.0,0.0,0.107143,0.0,0.0,0.0,0.0,0.0,0.0
West Indies,2010-08,51,0.0,0.133333,0.133333,0.066667,0.2,0.066667,0.133333,0.0,0.266667,0.094548,NONCONFORMING,0.0,0.0,0.125,0.0,0.0625,0.0625,0.0,0.125,0.0,0.25
